observation_id,indicator_id,category,country_iso3,country_name,year,time_period,value,unit,source_id,source_url,retrieved_at,source_publication_date,indicator_type,confidence_tier,uncertainty_note,notes
obs_f110d07aeea90c,ai_concern_more_than_excited_pct,social_readiness,KOR,South Korea,2025,2025,16.0,percent,pew_ai_views,https://www.pewresearch.org/global/2025/10/15/how-people-around-the-world-view-ai/,2026-05-03T04:50:10+00:00,,survey_metric,medium_high,Survey margin of error.,Share mainly concerned about AI in Pew report text.
obs_fc8163096e5fc6,ai_patents_per_capita,research,CHN,China,2024,2024,6.954559165350699,patents per capita,stanford_ai_index,https://hai.stanford.edu/ai-index,2026-05-03T04:50:18+00:00,,index_metric,medium_high,Use source methodology.,Stanford AI Index local figure fig_1.7.4.csv.
obs_c8937b688379b2,ai_patents_per_capita,research,KOR,South Korea,2024,2024,14.310816598653574,patents per capita,stanford_ai_index,https://hai.stanford.edu/ai-index,2026-05-03T04:50:18+00:00,,index_metric,medium_high,Use source methodology.,Stanford AI Index local figure fig_1.7.4.csv.
obs_b4f947cbe1c902,ai_patents_per_capita,research,USA,United States,2024,2024,4.680824954705668,patents per capita,stanford_ai_index,https://hai.stanford.edu/ai-index,2026-05-03T04:50:18+00:00,,index_metric,medium_high,Use source methodology.,Stanford AI Index local figure fig_1.7.4.csv.
obs_1d497b3eb4a484,ai_research_publications_count,research,CHN,China,2020,2020,135312.0,count,openalex,"https://api.openalex.org/works?filter=from_publication_date:2020-01-01,to_publication_date:2020-12-31,authorships.institutions.country_code:CN,concepts.id:C154945302&per-page=1",2026-05-03T04:50:15+00:00,,observed_metric,medium_high,Depends on AI topic/keyword filter.,OpenAlex first-pass count using concept C154945302 and authorship institution country filter.
obs_0949aeeb8abc6d,ai_research_publications_count,research,CHN,China,2021,2021,163571.0,count,openalex,"https://api.openalex.org/works?filter=from_publication_date:2021-01-01,to_publication_date:2021-12-31,authorships.institutions.country_code:CN,concepts.id:C154945302&per-page=1",2026-05-03T04:50:15+00:00,,observed_metric,medium_high,Depends on AI topic/keyword filter.,OpenAlex first-pass count using concept C154945302 and authorship institution country filter.
obs_5e600f1b42623c,ai_research_publications_count,research,CHN,China,2022,2022,192531.0,count,openalex,"https://api.openalex.org/works?filter=from_publication_date:2022-01-01,to_publication_date:2022-12-31,authorships.institutions.country_code:CN,concepts.id:C154945302&per-page=1",2026-05-03T04:50:15+00:00,,observed_metric,medium_high,Depends on AI topic/keyword filter.,OpenAlex first-pass count using concept C154945302 and authorship institution country filter.
obs_bb997776af0855,ai_research_publications_count,research,CHN,China,2023,2023,225600.0,count,openalex,"https://api.openalex.org/works?filter=from_publication_date:2023-01-01,to_publication_date:2023-12-31,authorships.institutions.country_code:CN,concepts.id:C154945302&per-page=1",2026-05-03T04:50:16+00:00,,observed_metric,medium_high,Depends on AI topic/keyword filter.,OpenAlex first-pass count using concept C154945302 and authorship institution country filter.
obs_0ed72092c2a107,ai_research_publications_count,research,CHN,China,2024,2024,235220.0,count,openalex,"https://api.openalex.org/works?filter=from_publication_date:2024-01-01,to_publication_date:2024-12-31,authorships.institutions.country_code:CN,concepts.id:C154945302&per-page=1",2026-05-03T04:50:16+00:00,,observed_metric,medium_high,Depends on AI topic/keyword filter.,OpenAlex first-pass count using concept C154945302 and authorship institution country filter.
obs_540a85a42f2b73,ai_research_publications_count,research,CHN,China,2025,2025,248691.0,count,openalex,"https://api.openalex.org/works?filter=from_publication_date:2025-01-01,to_publication_date:2025-12-31,authorships.institutions.country_code:CN,concepts.id:C154945302&per-page=1",2026-05-03T04:50:16+00:00,,observed_metric,medium_high,Depends on AI topic/keyword filter.,OpenAlex first-pass count using concept C154945302 and authorship institution country filter.
obs_f2649df1697eac,ai_research_publications_count,research,CHN,China,2026,2026,71641.0,count,openalex,"https://api.openalex.org/works?filter=from_publication_date:2026-01-01,to_publication_date:2026-12-31,authorships.institutions.country_code:CN,concepts.id:C154945302&per-page=1",2026-05-03T04:50:16+00:00,,observed_metric,medium_high,Depends on AI topic/keyword filter.,OpenAlex first-pass count using concept C154945302 and authorship institution country filter.
obs_7dd7b7d56f7a16,ai_research_publications_count,research,KOR,South Korea,2020,2020,14348.0,count,openalex,"https://api.openalex.org/works?filter=from_publication_date:2020-01-01,to_publication_date:2020-12-31,authorships.institutions.country_code:KR,concepts.id:C154945302&per-page=1",2026-05-03T04:50:13+00:00,,observed_metric,medium_high,Depends on AI topic/keyword filter.,OpenAlex first-pass count using concept C154945302 and authorship institution country filter.
obs_317f02423cb261,ai_research_publications_count,research,KOR,South Korea,2021,2021,16072.0,count,openalex,"https://api.openalex.org/works?filter=from_publication_date:2021-01-01,to_publication_date:2021-12-31,authorships.institutions.country_code:KR,concepts.id:C154945302&per-page=1",2026-05-03T04:50:13+00:00,,observed_metric,medium_high,Depends on AI topic/keyword filter.,OpenAlex first-pass count using concept C154945302 and authorship institution country filter.
obs_58c259b46f82cc,ai_research_publications_count,research,KOR,South Korea,2022,2022,17123.0,count,openalex,"https://api.openalex.org/works?filter=from_publication_date:2022-01-01,to_publication_date:2022-12-31,authorships.institutions.country_code:KR,concepts.id:C154945302&per-page=1",2026-05-03T04:50:13+00:00,,observed_metric,medium_high,Depends on AI topic/keyword filter.,OpenAlex first-pass count using concept C154945302 and authorship institution country filter.
obs_2730ba3f0ac54d,ai_research_publications_count,research,KOR,South Korea,2023,2023,19322.0,count,openalex,"https://api.openalex.org/works?filter=from_publication_date:2023-01-01,to_publication_date:2023-12-31,authorships.institutions.country_code:KR,concepts.id:C154945302&per-page=1",2026-05-03T04:50:13+00:00,,observed_metric,medium_high,Depends on AI topic/keyword filter.,OpenAlex first-pass count using concept C154945302 and authorship institution country filter.
obs_fb605704f761d4,ai_research_publications_count,research,KOR,South Korea,2024,2024,18184.0,count,openalex,"https://api.openalex.org/works?filter=from_publication_date:2024-01-01,to_publication_date:2024-12-31,authorships.institutions.country_code:KR,concepts.id:C154945302&per-page=1",2026-05-03T04:50:14+00:00,,observed_metric,medium_high,Depends on AI topic/keyword filter.,OpenAlex first-pass count using concept C154945302 and authorship institution country filter.
obs_37678f56e2e2ce,ai_research_publications_count,research,KOR,South Korea,2025,2025,19283.0,count,openalex,"https://api.openalex.org/works?filter=from_publication_date:2025-01-01,to_publication_date:2025-12-31,authorships.institutions.country_code:KR,concepts.id:C154945302&per-page=1",2026-05-03T04:50:14+00:00,,observed_metric,medium_high,Depends on AI topic/keyword filter.,OpenAlex first-pass count using concept C154945302 and authorship institution country filter.
obs_3d1f8dabe328f4,ai_research_publications_count,research,KOR,South Korea,2026,2026,6749.0,count,openalex,"https://api.openalex.org/works?filter=from_publication_date:2026-01-01,to_publication_date:2026-12-31,authorships.institutions.country_code:KR,concepts.id:C154945302&per-page=1",2026-05-03T04:50:14+00:00,,observed_metric,medium_high,Depends on AI topic/keyword filter.,OpenAlex first-pass count using concept C154945302 and authorship institution country filter.
obs_8fe6d11bc0d093,ai_research_publications_count,research,USA,United States,2020,2020,123156.0,count,openalex,"https://api.openalex.org/works?filter=from_publication_date:2020-01-01,to_publication_date:2020-12-31,authorships.institutions.country_code:US,concepts.id:C154945302&per-page=1",2026-05-03T04:50:14+00:00,,observed_metric,medium_high,Depends on AI topic/keyword filter.,OpenAlex first-pass count using concept C154945302 and authorship institution country filter.
obs_de41edaaa61816,ai_research_publications_count,research,USA,United States,2021,2021,118900.0,count,openalex,"https://api.openalex.org/works?filter=from_publication_date:2021-01-01,to_publication_date:2021-12-31,authorships.institutions.country_code:US,concepts.id:C154945302&per-page=1",2026-05-03T04:50:14+00:00,,observed_metric,medium_high,Depends on AI topic/keyword filter.,OpenAlex first-pass count using concept C154945302 and authorship institution country filter.
obs_6878314bc33977,ai_research_publications_count,research,USA,United States,2022,2022,109436.0,count,openalex,"https://api.openalex.org/works?filter=from_publication_date:2022-01-01,to_publication_date:2022-12-31,authorships.institutions.country_code:US,concepts.id:C154945302&per-page=1",2026-05-03T04:50:14+00:00,,observed_metric,medium_high,Depends on AI topic/keyword filter.,OpenAlex first-pass count using concept C154945302 and authorship institution country filter.
obs_f57aa37cd3b17c,ai_research_publications_count,research,USA,United States,2023,2023,119226.0,count,openalex,"https://api.openalex.org/works?filter=from_publication_date:2023-01-01,to_publication_date:2023-12-31,authorships.institutions.country_code:US,concepts.id:C154945302&per-page=1",2026-05-03T04:50:14+00:00,,observed_metric,medium_high,Depends on AI topic/keyword filter.,OpenAlex first-pass count using concept C154945302 and authorship institution country filter.
obs_75c787e1155958,ai_research_publications_count,research,USA,United States,2024,2024,106269.0,count,openalex,"https://api.openalex.org/works?filter=from_publication_date:2024-01-01,to_publication_date:2024-12-31,authorships.institutions.country_code:US,concepts.id:C154945302&per-page=1",2026-05-03T04:50:15+00:00,,observed_metric,medium_high,Depends on AI topic/keyword filter.,OpenAlex first-pass count using concept C154945302 and authorship institution country filter.
obs_904f73fa78f5de,ai_research_publications_count,research,USA,United States,2025,2025,124986.0,count,openalex,"https://api.openalex.org/works?filter=from_publication_date:2025-01-01,to_publication_date:2025-12-31,authorships.institutions.country_code:US,concepts.id:C154945302&per-page=1",2026-05-03T04:50:15+00:00,,observed_metric,medium_high,Depends on AI topic/keyword filter.,OpenAlex first-pass count using concept C154945302 and authorship institution country filter.
obs_1791fa43afee2b,ai_research_publications_count,research,USA,United States,2026,2026,56631.0,count,openalex,"https://api.openalex.org/works?filter=from_publication_date:2026-01-01,to_publication_date:2026-12-31,authorships.institutions.country_code:US,concepts.id:C154945302&per-page=1",2026-05-03T04:50:15+00:00,,observed_metric,medium_high,Depends on AI topic/keyword filter.,OpenAlex first-pass count using concept C154945302 and authorship institution country filter.
obs_dd6fc3af587e3b,announced_gpu_deployments_count,compute,KOR,South Korea,2025,2025,260000.0,GPU count,nvidia_korea_ai_infrastructure,https://investor.nvidia.com/news/press-release-details/2025/NVIDIA-South-Korea-Government-and-Industrial-Giants-Build-AI-Infrastructure-and-Ecosystem-to-Fuel-Korea-Innovation-Industries-and-Jobs/default.aspx,2026-05-03T04:50:10+00:00,,company_claim,medium,"Announced deployment, not audited installed capacity.",Company claim; wording says over this count.
obs_b097bd57c1a654,defense_unmanned_system_procurement_budget,defense,KOR,South Korea,2025,2025,50100000000.0,KRW/USD,tradegov_unmanned_defense,https://www.trade.gov/market-intelligence/south-korea-unmanned-defense-systems,2026-05-03T04:50:11+00:00,,observed_metric,medium,Partial public coverage.,"Aggregate of clearly stated anti-material strike UAV, reconnaissance UAV, and ground reconnaissance robot budgets."
obs_ba7f7585fe5f82,frontier_ai_models_count,models,CHN,China,2014,2014,1.0,count,epoch_ai_models,https://epoch.ai/data/frontier_ai_models.csv,2026-05-03T04:50:11+00:00,,observed_metric,medium_high,Source classification required.,Count from Epoch CSV using country column 'Country (of organization)' and date column 'Publication date'.
obs_95a5cf9a6f52c0,frontier_ai_models_count,models,CHN,China,2015,2015,1.0,count,epoch_ai_models,https://epoch.ai/data/frontier_ai_models.csv,2026-05-03T04:50:11+00:00,,observed_metric,medium_high,Source classification required.,Count from Epoch CSV using country column 'Country (of organization)' and date column 'Publication date'.
obs_e60fdbcc765000,frontier_ai_models_count,models,CHN,China,2021,2021,3.0,count,epoch_ai_models,https://epoch.ai/data/frontier_ai_models.csv,2026-05-03T04:50:11+00:00,,observed_metric,medium_high,Source classification required.,Count from Epoch CSV using country column 'Country (of organization)' and date column 'Publication date'.
obs_89c1704137ceb1,frontier_ai_models_count,models,CHN,China,2024,2024,2.0,count,epoch_ai_models,https://epoch.ai/data/frontier_ai_models.csv,2026-05-03T04:50:11+00:00,,observed_metric,medium_high,Source classification required.,Count from Epoch CSV using country column 'Country (of organization)' and date column 'Publication date'.
obs_f99130b7c357ff,frontier_ai_models_count,models,KOR,South Korea,2021,2021,2.0,count,epoch_ai_models,https://epoch.ai/data/frontier_ai_models.csv,2026-05-03T04:50:11+00:00,,observed_metric,medium_high,Source classification required.,Count from Epoch CSV using country column 'Country (of organization)' and date column 'Publication date'.
obs_6fff72b47c61e1,frontier_ai_models_count,models,USA,United States,1950,1950,1.0,count,epoch_ai_models,https://epoch.ai/data/frontier_ai_models.csv,2026-05-03T04:50:11+00:00,,observed_metric,medium_high,Source classification required.,Count from Epoch CSV using country column 'Country (of organization)' and date column 'Publication date'.
obs_194d88d0c30b15,frontier_ai_models_count,models,USA,United States,1957,1957,1.0,count,epoch_ai_models,https://epoch.ai/data/frontier_ai_models.csv,2026-05-03T04:50:11+00:00,,observed_metric,medium_high,Source classification required.,Count from Epoch CSV using country column 'Country (of organization)' and date column 'Publication date'.
obs_33d9a780e79013,frontier_ai_models_count,models,USA,United States,1959,1959,2.0,count,epoch_ai_models,https://epoch.ai/data/frontier_ai_models.csv,2026-05-03T04:50:11+00:00,,observed_metric,medium_high,Source classification required.,Count from Epoch CSV using country column 'Country (of organization)' and date column 'Publication date'.
obs_a9b3e4bd281c63,frontier_ai_models_count,models,USA,United States,1960,1960,2.0,count,epoch_ai_models,https://epoch.ai/data/frontier_ai_models.csv,2026-05-03T04:50:11+00:00,,observed_metric,medium_high,Source classification required.,Count from Epoch CSV using country column 'Country (of organization)' and date column 'Publication date'.
obs_25ca294ea0ca51,frontier_ai_models_count,models,USA,United States,1962,1962,1.0,count,epoch_ai_models,https://epoch.ai/data/frontier_ai_models.csv,2026-05-03T04:50:11+00:00,,observed_metric,medium_high,Source classification required.,Count from Epoch CSV using country column 'Country (of organization)' and date column 'Publication date'.
obs_8e0b95ae1042b1,frontier_ai_models_count,models,USA,United States,1963,1963,1.0,count,epoch_ai_models,https://epoch.ai/data/frontier_ai_models.csv,2026-05-03T04:50:11+00:00,,observed_metric,medium_high,Source classification required.,Count from Epoch CSV using country column 'Country (of organization)' and date column 'Publication date'.
obs_b7463558a056ab,frontier_ai_models_count,models,USA,United States,1966,1966,1.0,count,epoch_ai_models,https://epoch.ai/data/frontier_ai_models.csv,2026-05-03T04:50:11+00:00,,observed_metric,medium_high,Source classification required.,Count from Epoch CSV using country column 'Country (of organization)' and date column 'Publication date'.
obs_59d4fcd2bf2e5c,frontier_ai_models_count,models,USA,United States,1983,1983,1.0,count,epoch_ai_models,https://epoch.ai/data/frontier_ai_models.csv,2026-05-03T04:50:11+00:00,,observed_metric,medium_high,Source classification required.,Count from Epoch CSV using country column 'Country (of organization)' and date column 'Publication date'.
obs_cb02345ccfa132,frontier_ai_models_count,models,USA,United States,1986,1986,2.0,count,epoch_ai_models,https://epoch.ai/data/frontier_ai_models.csv,2026-05-03T04:50:11+00:00,,observed_metric,medium_high,Source classification required.,Count from Epoch CSV using country column 'Country (of organization)' and date column 'Publication date'.
obs_7acc7f4f8d2f40,frontier_ai_models_count,models,USA,United States,1987,1987,3.0,count,epoch_ai_models,https://epoch.ai/data/frontier_ai_models.csv,2026-05-03T04:50:11+00:00,,observed_metric,medium_high,Source classification required.,Count from Epoch CSV using country column 'Country (of organization)' and date column 'Publication date'.
obs_ddbd7a70658726,frontier_ai_models_count,models,USA,United States,1989,1989,2.0,count,epoch_ai_models,https://epoch.ai/data/frontier_ai_models.csv,2026-05-03T04:50:11+00:00,,observed_metric,medium_high,Source classification required.,Count from Epoch CSV using country column 'Country (of organization)' and date column 'Publication date'.
obs_8d5b579fbee4b6,frontier_ai_models_count,models,USA,United States,1990,1990,1.0,count,epoch_ai_models,https://epoch.ai/data/frontier_ai_models.csv,2026-05-03T04:50:11+00:00,,observed_metric,medium_high,Source classification required.,Count from Epoch CSV using country column 'Country (of organization)' and date column 'Publication date'.
obs_dabd3d7099a719,frontier_ai_models_count,models,USA,United States,1992,1992,1.0,count,epoch_ai_models,https://epoch.ai/data/frontier_ai_models.csv,2026-05-03T04:50:11+00:00,,observed_metric,medium_high,Source classification required.,Count from Epoch CSV using country column 'Country (of organization)' and date column 'Publication date'.
obs_082d90768e0788,frontier_ai_models_count,models,USA,United States,1993,1993,1.0,count,epoch_ai_models,https://epoch.ai/data/frontier_ai_models.csv,2026-05-03T04:50:11+00:00,,observed_metric,medium_high,Source classification required.,Count from Epoch CSV using country column 'Country (of organization)' and date column 'Publication date'.
obs_fd9b844fab5b8c,frontier_ai_models_count,models,USA,United States,1998,1998,1.0,count,epoch_ai_models,https://epoch.ai/data/frontier_ai_models.csv,2026-05-03T04:50:11+00:00,,observed_metric,medium_high,Source classification required.,Count from Epoch CSV using country column 'Country (of organization)' and date column 'Publication date'.
obs_f025edf674abe5,frontier_ai_models_count,models,USA,United States,2001,2001,1.0,count,epoch_ai_models,https://epoch.ai/data/frontier_ai_models.csv,2026-05-03T04:50:11+00:00,,observed_metric,medium_high,Source classification required.,Count from Epoch CSV using country column 'Country (of organization)' and date column 'Publication date'.
obs_dd8af7821131a2,frontier_ai_models_count,models,USA,United States,2006,2006,1.0,count,epoch_ai_models,https://epoch.ai/data/frontier_ai_models.csv,2026-05-03T04:50:11+00:00,,observed_metric,medium_high,Source classification required.,Count from Epoch CSV using country column 'Country (of organization)' and date column 'Publication date'.
obs_23d6d2c829db74,frontier_ai_models_count,models,USA,United States,2007,2007,2.0,count,epoch_ai_models,https://epoch.ai/data/frontier_ai_models.csv,2026-05-03T04:50:11+00:00,,observed_metric,medium_high,Source classification required.,Count from Epoch CSV using country column 'Country (of organization)' and date column 'Publication date'.
obs_55ac41e96daa62,frontier_ai_models_count,models,USA,United States,2010,2010,3.0,count,epoch_ai_models,https://epoch.ai/data/frontier_ai_models.csv,2026-05-03T04:50:11+00:00,,observed_metric,medium_high,Source classification required.,Count from Epoch CSV using country column 'Country (of organization)' and date column 'Publication date'.
obs_161d636db75c4c,frontier_ai_models_count,models,USA,United States,2012,2012,1.0,count,epoch_ai_models,https://epoch.ai/data/frontier_ai_models.csv,2026-05-03T04:50:11+00:00,,observed_metric,medium_high,Source classification required.,Count from Epoch CSV using country column 'Country (of organization)' and date column 'Publication date'.
obs_347404ea31bff2,frontier_ai_models_count,models,USA,United States,2013,2013,3.0,count,epoch_ai_models,https://epoch.ai/data/frontier_ai_models.csv,2026-05-03T04:50:11+00:00,,observed_metric,medium_high,Source classification required.,Count from Epoch CSV using country column 'Country (of organization)' and date column 'Publication date'.
obs_44c2c84a09febf,frontier_ai_models_count,models,USA,United States,2014,2014,3.0,count,epoch_ai_models,https://epoch.ai/data/frontier_ai_models.csv,2026-05-03T04:50:11+00:00,,observed_metric,medium_high,Source classification required.,Count from Epoch CSV using country column 'Country (of organization)' and date column 'Publication date'.
obs_6558c88ff1e59c,frontier_ai_models_count,models,USA,United States,2015,2015,3.0,count,epoch_ai_models,https://epoch.ai/data/frontier_ai_models.csv,2026-05-03T04:50:11+00:00,,observed_metric,medium_high,Source classification required.,Count from Epoch CSV using country column 'Country (of organization)' and date column 'Publication date'.
obs_5ec9b4e6292cbe,frontier_ai_models_count,models,USA,United States,2016,2016,4.0,count,epoch_ai_models,https://epoch.ai/data/frontier_ai_models.csv,2026-05-03T04:50:11+00:00,,observed_metric,medium_high,Source classification required.,Count from Epoch CSV using country column 'Country (of organization)' and date column 'Publication date'.
obs_e66e2028776a61,frontier_ai_models_count,models,USA,United States,2017,2017,2.0,count,epoch_ai_models,https://epoch.ai/data/frontier_ai_models.csv,2026-05-03T04:50:11+00:00,,observed_metric,medium_high,Source classification required.,Count from Epoch CSV using country column 'Country (of organization)' and date column 'Publication date'.
obs_6c9159976c3c34,frontier_ai_models_count,models,USA,United States,2018,2018,1.0,count,epoch_ai_models,https://epoch.ai/data/frontier_ai_models.csv,2026-05-03T04:50:11+00:00,,observed_metric,medium_high,Source classification required.,Count from Epoch CSV using country column 'Country (of organization)' and date column 'Publication date'.
obs_28e58bb8af0032,frontier_ai_models_count,models,USA,United States,2019,2019,12.0,count,epoch_ai_models,https://epoch.ai/data/frontier_ai_models.csv,2026-05-03T04:50:11+00:00,,observed_metric,medium_high,Source classification required.,Count from Epoch CSV using country column 'Country (of organization)' and date column 'Publication date'.
obs_7edfad29f1a69e,frontier_ai_models_count,models,USA,United States,2020,2020,5.0,count,epoch_ai_models,https://epoch.ai/data/frontier_ai_models.csv,2026-05-03T04:50:11+00:00,,observed_metric,medium_high,Source classification required.,Count from Epoch CSV using country column 'Country (of organization)' and date column 'Publication date'.
obs_1f02ed9c434d66,frontier_ai_models_count,models,USA,United States,2021,2021,3.0,count,epoch_ai_models,https://epoch.ai/data/frontier_ai_models.csv,2026-05-03T04:50:11+00:00,,observed_metric,medium_high,Source classification required.,Count from Epoch CSV using country column 'Country (of organization)' and date column 'Publication date'.
obs_63219e3207a8b0,frontier_ai_models_count,models,USA,United States,2022,2022,5.0,count,epoch_ai_models,https://epoch.ai/data/frontier_ai_models.csv,2026-05-03T04:50:11+00:00,,observed_metric,medium_high,Source classification required.,Count from Epoch CSV using country column 'Country (of organization)' and date column 'Publication date'.
obs_4e003fe5739706,frontier_ai_models_count,models,USA,United States,2023,2023,8.0,count,epoch_ai_models,https://epoch.ai/data/frontier_ai_models.csv,2026-05-03T04:50:11+00:00,,observed_metric,medium_high,Source classification required.,Count from Epoch CSV using country column 'Country (of organization)' and date column 'Publication date'.
obs_ab8b32c32ca7db,frontier_ai_models_count,models,USA,United States,2024,2024,10.0,count,epoch_ai_models,https://epoch.ai/data/frontier_ai_models.csv,2026-05-03T04:50:11+00:00,,observed_metric,medium_high,Source classification required.,Count from Epoch CSV using country column 'Country (of organization)' and date column 'Publication date'.
obs_58a4af5b1de446,frontier_ai_models_count,models,USA,United States,2025,2025,7.0,count,epoch_ai_models,https://epoch.ai/data/frontier_ai_models.csv,2026-05-03T04:50:11+00:00,,observed_metric,medium_high,Source classification required.,Count from Epoch CSV using country column 'Country (of organization)' and date column 'Publication date'.
obs_5e79a694e87c7c,genai_productivity_effect_pct,productivity,KOR,South Korea,2025,2025,1.0,percent,bok_genai,https://www.bok.or.kr/portal/bbs/P0002353/view.do?depth=201150&menuNo=200433&nttId=10093071&oldMenuNo=201150&pageIndex=1&pageUnit=10&programType=newsData&searchCnd=1&searchKwd=,2026-05-03T04:50:04+00:00,,estimate,medium,Model/survey estimate.,Estimated potential productivity effect.
obs_add005c3207fcf,genai_time_saved_pct,productivity,KOR,South Korea,2025,2025,3.8,percent,bok_genai,https://www.bok.or.kr/portal/bbs/P0002353/view.do?depth=201150&menuNo=200433&nttId=10093071&oldMenuNo=201150&pageIndex=1&pageUnit=10&programType=newsData&searchCnd=1&searchKwd=,2026-05-03T04:50:04+00:00,,estimate,medium,Model/survey estimate.,Average work-time reduction from GenAI use.
obs_69e55dc5127b6c,industrial_robot_installations,adoption,CHN,China,2024,2024,295000.0,count,ifr_robotics,https://ifr.org/ifr-press-releases/news/global-robot-demand-in-factories-doubles-over-10-years,2026-05-03T04:50:04+00:00,,observed_metric,medium_high,IFR methodology.,IFR press-release annual installation value.
obs_91df4d68d99f3b,industrial_robot_installations,adoption,KOR,South Korea,2024,2024,30600.0,count,ifr_robotics,https://ifr.org/ifr-press-releases/news/global-robot-demand-in-factories-doubles-over-10-years,2026-05-03T04:50:04+00:00,,observed_metric,medium_high,IFR methodology.,IFR press-release annual installation value.
obs_4bdbf5ee02a230,industrial_robot_installations,adoption,USA,United States,2024,2024,34200.0,count,ifr_robotics,https://ifr.org/ifr-press-releases/news/global-robot-demand-in-factories-doubles-over-10-years,2026-05-03T04:50:04+00:00,,observed_metric,medium_high,IFR methodology.,IFR press-release annual installation value.
obs_7f9d9074e2ef99,kisti6_gpu_count,compute,KOR,South Korea,2026,2026,8496.0,GPU count,kisti_hangang,https://www.kisti.re.kr/eng/news/post/eng_news/6695,2026-05-03T04:50:01+00:00,,official_target,high,Named public system.,KISTI-6/HANGANG stated GPU count.
obs_42d95bf4123109,kisti6_peak_pflops,compute,KOR,South Korea,2026,2026,600.0,PFLOP/s,kisti_hangang,https://www.kisti.re.kr/eng/news/post/eng_news/6695,2026-05-03T04:50:01+00:00,,official_target,high,Named public system; confirm exact performance field.,Approximate stated computing performance.
obs_33aea20328f547,known_ai_gpu_cluster_16bit_ops,compute,CHN,China,2026,2026,6.882959999999971e+20,OP/s,epoch_gpu_clusters,https://epoch.ai/data/gpu_clusters.csv,2026-05-03T04:50:13+00:00,,estimate,medium,Incomplete public coverage.,Aggregate from Epoch GPU clusters CSV column '16-bit OP/s (log)'. Values converted from log scale before aggregation.
obs_e1b9f3b833b414,known_ai_gpu_cluster_16bit_ops,compute,KOR,South Korea,2026,2026,5.177220010399982e+21,OP/s,epoch_gpu_clusters,https://epoch.ai/data/gpu_clusters.csv,2026-05-03T04:50:13+00:00,,estimate,medium,Incomplete public coverage.,Aggregate from Epoch GPU clusters CSV column '16-bit OP/s (log)'. Values converted from log scale before aggregation.
obs_134f08476b3f26,known_ai_gpu_cluster_16bit_ops,compute,USA,United States,2026,2026,4.087050363791995e+22,OP/s,epoch_gpu_clusters,https://epoch.ai/data/gpu_clusters.csv,2026-05-03T04:50:13+00:00,,estimate,medium,Incomplete public coverage.,Aggregate from Epoch GPU clusters CSV column '16-bit OP/s (log)'. Values converted from log scale before aggregation.
obs_ba986366dccf5f,known_ai_gpu_cluster_count,compute,CHN,China,2026,2026,253.0,count,epoch_gpu_clusters,https://epoch.ai/data/gpu_clusters.csv,2026-05-03T04:50:13+00:00,,estimate,medium,Incomplete public coverage.,Count from Epoch GPU clusters CSV using country column 'Country'.
obs_3159f9c3c8023a,known_ai_gpu_cluster_count,compute,KOR,South Korea,2026,2026,18.0,count,epoch_gpu_clusters,https://epoch.ai/data/gpu_clusters.csv,2026-05-03T04:50:13+00:00,,estimate,medium,Incomplete public coverage.,Count from Epoch GPU clusters CSV using country column 'Country'.
obs_a19942122cf1d5,known_ai_gpu_cluster_count,compute,USA,United States,2026,2026,213.0,count,epoch_gpu_clusters,https://epoch.ai/data/gpu_clusters.csv,2026-05-03T04:50:13+00:00,,estimate,medium,Incomplete public coverage.,Count from Epoch GPU clusters CSV using country column 'Country'.
obs_8539a1545f46df,large_scale_models_count,models,CHN,China,2021,2021,3.0,count,epoch_ai_models,https://epoch.ai/data/large_scale_ai_models.csv,2026-05-03T04:50:11+00:00,,observed_metric,medium_high,Definition depends on Epoch.,Count from Epoch CSV using country column 'Country (of organization)' and date column 'Publication date'.
obs_e0f424be5b3c04,large_scale_models_count,models,CHN,China,2022,2022,2.0,count,epoch_ai_models,https://epoch.ai/data/large_scale_ai_models.csv,2026-05-03T04:50:11+00:00,,observed_metric,medium_high,Definition depends on Epoch.,Count from Epoch CSV using country column 'Country (of organization)' and date column 'Publication date'.
obs_6b25358000f82d,large_scale_models_count,models,CHN,China,2023,2023,47.0,count,epoch_ai_models,https://epoch.ai/data/large_scale_ai_models.csv,2026-05-03T04:50:11+00:00,,observed_metric,medium_high,Definition depends on Epoch.,Count from Epoch CSV using country column 'Country (of organization)' and date column 'Publication date'.
obs_8f874631544f47,large_scale_models_count,models,CHN,China,2024,2024,60.0,count,epoch_ai_models,https://epoch.ai/data/large_scale_ai_models.csv,2026-05-03T04:50:11+00:00,,observed_metric,medium_high,Definition depends on Epoch.,Count from Epoch CSV using country column 'Country (of organization)' and date column 'Publication date'.
obs_6100d6ce8c9677,large_scale_models_count,models,CHN,China,2025,2025,80.0,count,epoch_ai_models,https://epoch.ai/data/large_scale_ai_models.csv,2026-05-03T04:50:11+00:00,,observed_metric,medium_high,Definition depends on Epoch.,Count from Epoch CSV using country column 'Country (of organization)' and date column 'Publication date'.
obs_e1f8567fe0c985,large_scale_models_count,models,CHN,China,2026,2026,2.0,count,epoch_ai_models,https://epoch.ai/data/large_scale_ai_models.csv,2026-05-03T04:50:11+00:00,,observed_metric,medium_high,Definition depends on Epoch.,Count from Epoch CSV using country column 'Country (of organization)' and date column 'Publication date'.
obs_2bfefcbe2efe1f,large_scale_models_count,models,KOR,South Korea,2021,2021,3.0,count,epoch_ai_models,https://epoch.ai/data/large_scale_ai_models.csv,2026-05-03T04:50:11+00:00,,observed_metric,medium_high,Definition depends on Epoch.,Count from Epoch CSV using country column 'Country (of organization)' and date column 'Publication date'.
obs_16e4dede57677c,large_scale_models_count,models,KOR,South Korea,2023,2023,8.0,count,epoch_ai_models,https://epoch.ai/data/large_scale_ai_models.csv,2026-05-03T04:50:11+00:00,,observed_metric,medium_high,Definition depends on Epoch.,Count from Epoch CSV using country column 'Country (of organization)' and date column 'Publication date'.
obs_8f069630134dd6,large_scale_models_count,models,KOR,South Korea,2024,2024,3.0,count,epoch_ai_models,https://epoch.ai/data/large_scale_ai_models.csv,2026-05-03T04:50:11+00:00,,observed_metric,medium_high,Definition depends on Epoch.,Count from Epoch CSV using country column 'Country (of organization)' and date column 'Publication date'.
obs_41e542d551261d,large_scale_models_count,models,KOR,South Korea,2025,2025,3.0,count,epoch_ai_models,https://epoch.ai/data/large_scale_ai_models.csv,2026-05-03T04:50:11+00:00,,observed_metric,medium_high,Definition depends on Epoch.,Count from Epoch CSV using country column 'Country (of organization)' and date column 'Publication date'.
obs_f0812e20c27863,large_scale_models_count,models,USA,United States,2020,2020,2.0,count,epoch_ai_models,https://epoch.ai/data/large_scale_ai_models.csv,2026-05-03T04:50:11+00:00,,observed_metric,medium_high,Definition depends on Epoch.,Count from Epoch CSV using country column 'Country (of organization)' and date column 'Publication date'.
obs_7c87f7405575a7,large_scale_models_count,models,USA,United States,2021,2021,2.0,count,epoch_ai_models,https://epoch.ai/data/large_scale_ai_models.csv,2026-05-03T04:50:11+00:00,,observed_metric,medium_high,Definition depends on Epoch.,Count from Epoch CSV using country column 'Country (of organization)' and date column 'Publication date'.
obs_1809b0602cfe0a,large_scale_models_count,models,USA,United States,2022,2022,22.0,count,epoch_ai_models,https://epoch.ai/data/large_scale_ai_models.csv,2026-05-03T04:50:11+00:00,,observed_metric,medium_high,Definition depends on Epoch.,Count from Epoch CSV using country column 'Country (of organization)' and date column 'Publication date'.
obs_2dc7e37e14c137,large_scale_models_count,models,USA,United States,2023,2023,48.0,count,epoch_ai_models,https://epoch.ai/data/large_scale_ai_models.csv,2026-05-03T04:50:11+00:00,,observed_metric,medium_high,Definition depends on Epoch.,Count from Epoch CSV using country column 'Country (of organization)' and date column 'Publication date'.
obs_73b9b96387dfd9,large_scale_models_count,models,USA,United States,2024,2024,81.0,count,epoch_ai_models,https://epoch.ai/data/large_scale_ai_models.csv,2026-05-03T04:50:11+00:00,,observed_metric,medium_high,Definition depends on Epoch.,Count from Epoch CSV using country column 'Country (of organization)' and date column 'Publication date'.
obs_e1b5f94b7d60d6,large_scale_models_count,models,USA,United States,2025,2025,68.0,count,epoch_ai_models,https://epoch.ai/data/large_scale_ai_models.csv,2026-05-03T04:50:11+00:00,,observed_metric,medium_high,Definition depends on Epoch.,Count from Epoch CSV using country column 'Country (of organization)' and date column 'Publication date'.
obs_45715a783791b0,large_scale_models_count,models,USA,United States,2026,2026,12.0,count,epoch_ai_models,https://epoch.ai/data/large_scale_ai_models.csv,2026-05-03T04:50:11+00:00,,observed_metric,medium_high,Definition depends on Epoch.,Count from Epoch CSV using country column 'Country (of organization)' and date column 'Publication date'.
obs_0999a3718c0dc3,max_domestic_model_training_compute_flop,models,CHN,China,2024,2024,2.505e+25,FLOP,epoch_ai_models,https://epoch.ai/data/all_ai_models.csv,2026-05-03T04:50:12+00:00,,estimate,medium,Training compute estimates may be uncertain.,Max training compute from Epoch all-models CSV using country column 'Country (of organization)'.
obs_1536fe645fd334,max_domestic_model_training_compute_flop,models,KOR,South Korea,2025,2025,2.69000000000001e+24,FLOP,epoch_ai_models,https://epoch.ai/data/all_ai_models.csv,2026-05-03T04:50:12+00:00,,estimate,medium,Training compute estimates may be uncertain.,Max training compute from Epoch all-models CSV using country column 'Country (of organization)'.
obs_ed34f5c2fd3a7b,max_domestic_model_training_compute_flop,models,USA,United States,2025,2025,5.0000000000001e+26,FLOP,epoch_ai_models,https://epoch.ai/data/all_ai_models.csv,2026-05-03T04:50:12+00:00,,estimate,medium,Training compute estimates may be uncertain.,Max training compute from Epoch all-models CSV using country column 'Country (of organization)'.
obs_a34d2061bb6dd0,newly_funded_ai_companies_count,startups,CHN,China,2013,2013,27.0,count,stanford_ai_index,https://hai.stanford.edu/ai-index,2026-05-03T04:50:18+00:00,,index_metric,medium_high,Dataset methodology matters.,Stanford AI Index local figure fig_4.2.14.csv.
obs_318a76d76f44c3,newly_funded_ai_companies_count,startups,CHN,China,2014,2014,43.0,count,stanford_ai_index,https://hai.stanford.edu/ai-index,2026-05-03T04:50:18+00:00,,index_metric,medium_high,Dataset methodology matters.,Stanford AI Index local figure fig_4.2.14.csv.
obs_c7d3525d64d8ca,newly_funded_ai_companies_count,startups,CHN,China,2015,2015,72.0,count,stanford_ai_index,https://hai.stanford.edu/ai-index,2026-05-03T04:50:18+00:00,,index_metric,medium_high,Dataset methodology matters.,Stanford AI Index local figure fig_4.2.14.csv.
obs_051eed13672086,newly_funded_ai_companies_count,startups,CHN,China,2016,2016,69.0,count,stanford_ai_index,https://hai.stanford.edu/ai-index,2026-05-03T04:50:18+00:00,,index_metric,medium_high,Dataset methodology matters.,Stanford AI Index local figure fig_4.2.14.csv.
obs_1853745eb13a4d,newly_funded_ai_companies_count,startups,CHN,China,2017,2017,92.0,count,stanford_ai_index,https://hai.stanford.edu/ai-index,2026-05-03T04:50:18+00:00,,index_metric,medium_high,Dataset methodology matters.,Stanford AI Index local figure fig_4.2.14.csv.
obs_6d66c2ca752f43,newly_funded_ai_companies_count,startups,CHN,China,2018,2018,205.0,count,stanford_ai_index,https://hai.stanford.edu/ai-index,2026-05-03T04:50:18+00:00,,index_metric,medium_high,Dataset methodology matters.,Stanford AI Index local figure fig_4.2.14.csv.
obs_dbd8267f55ba3f,newly_funded_ai_companies_count,startups,CHN,China,2019,2019,217.0,count,stanford_ai_index,https://hai.stanford.edu/ai-index,2026-05-03T04:50:18+00:00,,index_metric,medium_high,Dataset methodology matters.,Stanford AI Index local figure fig_4.2.14.csv.
obs_152d4cea66ff4e,newly_funded_ai_companies_count,startups,CHN,China,2020,2020,205.0,count,stanford_ai_index,https://hai.stanford.edu/ai-index,2026-05-03T04:50:18+00:00,,index_metric,medium_high,Dataset methodology matters.,Stanford AI Index local figure fig_4.2.14.csv.
obs_57dcd0e1e0f27a,newly_funded_ai_companies_count,startups,CHN,China,2021,2021,281.0,count,stanford_ai_index,https://hai.stanford.edu/ai-index,2026-05-03T04:50:18+00:00,,index_metric,medium_high,Dataset methodology matters.,Stanford AI Index local figure fig_4.2.14.csv.
obs_39c5ae9cea5e90,newly_funded_ai_companies_count,startups,CHN,China,2022,2022,178.0,count,stanford_ai_index,https://hai.stanford.edu/ai-index,2026-05-03T04:50:18+00:00,,index_metric,medium_high,Dataset methodology matters.,Stanford AI Index local figure fig_4.2.14.csv.
obs_91e0cf5565c756,newly_funded_ai_companies_count,startups,CHN,China,2023,2023,118.0,count,stanford_ai_index,https://hai.stanford.edu/ai-index,2026-05-03T04:50:18+00:00,,index_metric,medium_high,Dataset methodology matters.,Stanford AI Index local figure fig_4.2.14.csv.
obs_e058507e2ea0ca,newly_funded_ai_companies_count,startups,CHN,China,2024,2024,98.0,count,stanford_ai_index,https://hai.stanford.edu/ai-index,2026-05-03T04:50:18+00:00,,index_metric,medium_high,Dataset methodology matters.,Stanford AI Index local figure fig_4.2.14.csv.
obs_5aca42757aeb2a,newly_funded_ai_companies_count,startups,CHN,China,2025,2025,161.0,count,stanford_ai_index,https://hai.stanford.edu/ai-index,2026-05-03T04:50:18+00:00,,index_metric,medium_high,Dataset methodology matters.,Stanford AI Index local figure fig_4.2.14.csv.
obs_ac8676411c5416,newly_funded_ai_companies_count,startups,USA,United States,2013,2013,337.0,count,stanford_ai_index,https://hai.stanford.edu/ai-index,2026-05-03T04:50:18+00:00,,index_metric,medium_high,Dataset methodology matters.,Stanford AI Index local figure fig_4.2.14.csv.
obs_b31a7b0d7e6851,newly_funded_ai_companies_count,startups,USA,United States,2014,2014,352.0,count,stanford_ai_index,https://hai.stanford.edu/ai-index,2026-05-03T04:50:18+00:00,,index_metric,medium_high,Dataset methodology matters.,Stanford AI Index local figure fig_4.2.14.csv.
obs_3aef97affecc71,newly_funded_ai_companies_count,startups,USA,United States,2015,2015,292.0,count,stanford_ai_index,https://hai.stanford.edu/ai-index,2026-05-03T04:50:18+00:00,,index_metric,medium_high,Dataset methodology matters.,Stanford AI Index local figure fig_4.2.14.csv.
obs_f62c9b08fe015c,newly_funded_ai_companies_count,startups,USA,United States,2016,2016,402.0,count,stanford_ai_index,https://hai.stanford.edu/ai-index,2026-05-03T04:50:18+00:00,,index_metric,medium_high,Dataset methodology matters.,Stanford AI Index local figure fig_4.2.14.csv.
obs_a1521dcb5cf707,newly_funded_ai_companies_count,startups,USA,United States,2017,2017,510.0,count,stanford_ai_index,https://hai.stanford.edu/ai-index,2026-05-03T04:50:18+00:00,,index_metric,medium_high,Dataset methodology matters.,Stanford AI Index local figure fig_4.2.14.csv.
obs_c8e5cbb8a1de73,newly_funded_ai_companies_count,startups,USA,United States,2018,2018,516.0,count,stanford_ai_index,https://hai.stanford.edu/ai-index,2026-05-03T04:50:18+00:00,,index_metric,medium_high,Dataset methodology matters.,Stanford AI Index local figure fig_4.2.14.csv.
obs_5ebe2af79de6be,newly_funded_ai_companies_count,startups,USA,United States,2019,2019,494.0,count,stanford_ai_index,https://hai.stanford.edu/ai-index,2026-05-03T04:50:18+00:00,,index_metric,medium_high,Dataset methodology matters.,Stanford AI Index local figure fig_4.2.14.csv.
obs_0c508734391a8c,newly_funded_ai_companies_count,startups,USA,United States,2020,2020,605.0,count,stanford_ai_index,https://hai.stanford.edu/ai-index,2026-05-03T04:50:18+00:00,,index_metric,medium_high,Dataset methodology matters.,Stanford AI Index local figure fig_4.2.14.csv.
obs_f71bc9483d6934,newly_funded_ai_companies_count,startups,USA,United States,2021,2021,763.0,count,stanford_ai_index,https://hai.stanford.edu/ai-index,2026-05-03T04:50:18+00:00,,index_metric,medium_high,Dataset methodology matters.,Stanford AI Index local figure fig_4.2.14.csv.
obs_c141a803318e8b,newly_funded_ai_companies_count,startups,USA,United States,2022,2022,666.0,count,stanford_ai_index,https://hai.stanford.edu/ai-index,2026-05-03T04:50:18+00:00,,index_metric,medium_high,Dataset methodology matters.,Stanford AI Index local figure fig_4.2.14.csv.
obs_36d9554f3f35f3,newly_funded_ai_companies_count,startups,USA,United States,2023,2023,946.0,count,stanford_ai_index,https://hai.stanford.edu/ai-index,2026-05-03T04:50:18+00:00,,index_metric,medium_high,Dataset methodology matters.,Stanford AI Index local figure fig_4.2.14.csv.
obs_02b62eac367f06,newly_funded_ai_companies_count,startups,USA,United States,2024,2024,1073.0,count,stanford_ai_index,https://hai.stanford.edu/ai-index,2026-05-03T04:50:18+00:00,,index_metric,medium_high,Dataset methodology matters.,Stanford AI Index local figure fig_4.2.14.csv.
obs_d427b1bf34c51b,newly_funded_ai_companies_count,startups,USA,United States,2025,2025,1953.0,count,stanford_ai_index,https://hai.stanford.edu/ai-index,2026-05-03T04:50:18+00:00,,index_metric,medium_high,Dataset methodology matters.,Stanford AI Index local figure fig_4.2.14.csv.
obs_28ceaa9ae70eba,notable_ai_models_count,models,CHN,China,2014,2014,3.0,count,epoch_ai_models,https://epoch.ai/data/notable_ai_models.csv,2026-05-03T04:50:11+00:00,,observed_metric,medium_high,Inclusion criteria matter.,Count from Epoch CSV using country column 'Country (of organization)' and date column 'Publication date'.
obs_deee8eff3ceb45,notable_ai_models_count,models,CHN,China,2015,2015,4.0,count,epoch_ai_models,https://epoch.ai/data/notable_ai_models.csv,2026-05-03T04:50:11+00:00,,observed_metric,medium_high,Inclusion criteria matter.,Count from Epoch CSV using country column 'Country (of organization)' and date column 'Publication date'.
obs_66f2a05e905428,notable_ai_models_count,models,CHN,China,2016,2016,6.0,count,epoch_ai_models,https://epoch.ai/data/notable_ai_models.csv,2026-05-03T04:50:11+00:00,,observed_metric,medium_high,Inclusion criteria matter.,Count from Epoch CSV using country column 'Country (of organization)' and date column 'Publication date'.
obs_aa744555f94359,notable_ai_models_count,models,CHN,China,2017,2017,10.0,count,epoch_ai_models,https://epoch.ai/data/notable_ai_models.csv,2026-05-03T04:50:11+00:00,,observed_metric,medium_high,Inclusion criteria matter.,Count from Epoch CSV using country column 'Country (of organization)' and date column 'Publication date'.
obs_5816436e8b2099,notable_ai_models_count,models,CHN,China,2018,2018,1.0,count,epoch_ai_models,https://epoch.ai/data/notable_ai_models.csv,2026-05-03T04:50:11+00:00,,observed_metric,medium_high,Inclusion criteria matter.,Count from Epoch CSV using country column 'Country (of organization)' and date column 'Publication date'.
obs_30ee54af877422,notable_ai_models_count,models,CHN,China,2019,2019,6.0,count,epoch_ai_models,https://epoch.ai/data/notable_ai_models.csv,2026-05-03T04:50:11+00:00,,observed_metric,medium_high,Inclusion criteria matter.,Count from Epoch CSV using country column 'Country (of organization)' and date column 'Publication date'.
obs_2ad77c4bbcd397,notable_ai_models_count,models,CHN,China,2020,2020,8.0,count,epoch_ai_models,https://epoch.ai/data/notable_ai_models.csv,2026-05-03T04:50:11+00:00,,observed_metric,medium_high,Inclusion criteria matter.,Count from Epoch CSV using country column 'Country (of organization)' and date column 'Publication date'.
obs_531fbccee7ad9e,notable_ai_models_count,models,CHN,China,2021,2021,20.0,count,epoch_ai_models,https://epoch.ai/data/notable_ai_models.csv,2026-05-03T04:50:11+00:00,,observed_metric,medium_high,Inclusion criteria matter.,Count from Epoch CSV using country column 'Country (of organization)' and date column 'Publication date'.
obs_0c2da5ca460e29,notable_ai_models_count,models,CHN,China,2022,2022,12.0,count,epoch_ai_models,https://epoch.ai/data/notable_ai_models.csv,2026-05-03T04:50:11+00:00,,observed_metric,medium_high,Inclusion criteria matter.,Count from Epoch CSV using country column 'Country (of organization)' and date column 'Publication date'.
obs_916a60569f3408,notable_ai_models_count,models,CHN,China,2023,2023,23.0,count,epoch_ai_models,https://epoch.ai/data/notable_ai_models.csv,2026-05-03T04:50:11+00:00,,observed_metric,medium_high,Inclusion criteria matter.,Count from Epoch CSV using country column 'Country (of organization)' and date column 'Publication date'.
obs_54c6dd0918943a,notable_ai_models_count,models,CHN,China,2024,2024,31.0,count,epoch_ai_models,https://epoch.ai/data/notable_ai_models.csv,2026-05-03T04:50:11+00:00,,observed_metric,medium_high,Inclusion criteria matter.,Count from Epoch CSV using country column 'Country (of organization)' and date column 'Publication date'.
obs_52c7bf8578e30f,notable_ai_models_count,models,CHN,China,2025,2025,35.0,count,epoch_ai_models,https://epoch.ai/data/notable_ai_models.csv,2026-05-03T04:50:11+00:00,,observed_metric,medium_high,Inclusion criteria matter.,Count from Epoch CSV using country column 'Country (of organization)' and date column 'Publication date'.
obs_4e36be2a7c4ce4,notable_ai_models_count,models,CHN,China,2026,2026,7.0,count,epoch_ai_models,https://epoch.ai/data/notable_ai_models.csv,2026-05-03T04:50:11+00:00,,observed_metric,medium_high,Inclusion criteria matter.,Count from Epoch CSV using country column 'Country (of organization)' and date column 'Publication date'.
obs_3cf7d0c99719c7,notable_ai_models_count,models,KOR,South Korea,2017,2017,3.0,count,epoch_ai_models,https://epoch.ai/data/notable_ai_models.csv,2026-05-03T04:50:11+00:00,,observed_metric,medium_high,Inclusion criteria matter.,Count from Epoch CSV using country column 'Country (of organization)' and date column 'Publication date'.
obs_1d925fd69d9b8b,notable_ai_models_count,models,KOR,South Korea,2018,2018,1.0,count,epoch_ai_models,https://epoch.ai/data/notable_ai_models.csv,2026-05-03T04:50:11+00:00,,observed_metric,medium_high,Inclusion criteria matter.,Count from Epoch CSV using country column 'Country (of organization)' and date column 'Publication date'.
obs_663936ad9f3c40,notable_ai_models_count,models,KOR,South Korea,2019,2019,1.0,count,epoch_ai_models,https://epoch.ai/data/notable_ai_models.csv,2026-05-03T04:50:11+00:00,,observed_metric,medium_high,Inclusion criteria matter.,Count from Epoch CSV using country column 'Country (of organization)' and date column 'Publication date'.
obs_9f7ec5a8461bd1,notable_ai_models_count,models,KOR,South Korea,2020,2020,1.0,count,epoch_ai_models,https://epoch.ai/data/notable_ai_models.csv,2026-05-03T04:50:11+00:00,,observed_metric,medium_high,Inclusion criteria matter.,Count from Epoch CSV using country column 'Country (of organization)' and date column 'Publication date'.
obs_89c94579904734,notable_ai_models_count,models,KOR,South Korea,2021,2021,3.0,count,epoch_ai_models,https://epoch.ai/data/notable_ai_models.csv,2026-05-03T04:50:11+00:00,,observed_metric,medium_high,Inclusion criteria matter.,Count from Epoch CSV using country column 'Country (of organization)' and date column 'Publication date'.
obs_36f341e8c69a4b,notable_ai_models_count,models,KOR,South Korea,2022,2022,3.0,count,epoch_ai_models,https://epoch.ai/data/notable_ai_models.csv,2026-05-03T04:50:11+00:00,,observed_metric,medium_high,Inclusion criteria matter.,Count from Epoch CSV using country column 'Country (of organization)' and date column 'Publication date'.
obs_33834560957eb4,notable_ai_models_count,models,KOR,South Korea,2023,2023,2.0,count,epoch_ai_models,https://epoch.ai/data/notable_ai_models.csv,2026-05-03T04:50:11+00:00,,observed_metric,medium_high,Inclusion criteria matter.,Count from Epoch CSV using country column 'Country (of organization)' and date column 'Publication date'.
obs_360bfaea581caf,notable_ai_models_count,models,KOR,South Korea,2024,2024,1.0,count,epoch_ai_models,https://epoch.ai/data/notable_ai_models.csv,2026-05-03T04:50:11+00:00,,observed_metric,medium_high,Inclusion criteria matter.,Count from Epoch CSV using country column 'Country (of organization)' and date column 'Publication date'.
obs_215b06ae501119,notable_ai_models_count,models,KOR,South Korea,2025,2025,8.0,count,epoch_ai_models,https://epoch.ai/data/notable_ai_models.csv,2026-05-03T04:50:11+00:00,,observed_metric,medium_high,Inclusion criteria matter.,Count from Epoch CSV using country column 'Country (of organization)' and date column 'Publication date'.
obs_62755cfdf27252,notable_ai_models_count,models,USA,United States,1950,1950,1.0,count,epoch_ai_models,https://epoch.ai/data/notable_ai_models.csv,2026-05-03T04:50:11+00:00,,observed_metric,medium_high,Inclusion criteria matter.,Count from Epoch CSV using country column 'Country (of organization)' and date column 'Publication date'.
obs_92ac7bc2875a92,notable_ai_models_count,models,USA,United States,1952,1952,1.0,count,epoch_ai_models,https://epoch.ai/data/notable_ai_models.csv,2026-05-03T04:50:11+00:00,,observed_metric,medium_high,Inclusion criteria matter.,Count from Epoch CSV using country column 'Country (of organization)' and date column 'Publication date'.
obs_7b605b443fade5,notable_ai_models_count,models,USA,United States,1954,1954,1.0,count,epoch_ai_models,https://epoch.ai/data/notable_ai_models.csv,2026-05-03T04:50:11+00:00,,observed_metric,medium_high,Inclusion criteria matter.,Count from Epoch CSV using country column 'Country (of organization)' and date column 'Publication date'.
obs_efd27a180bae09,notable_ai_models_count,models,USA,United States,1955,1955,2.0,count,epoch_ai_models,https://epoch.ai/data/notable_ai_models.csv,2026-05-03T04:50:11+00:00,,observed_metric,medium_high,Inclusion criteria matter.,Count from Epoch CSV using country column 'Country (of organization)' and date column 'Publication date'.
obs_16cb626a3bdee1,notable_ai_models_count,models,USA,United States,1957,1957,1.0,count,epoch_ai_models,https://epoch.ai/data/notable_ai_models.csv,2026-05-03T04:50:11+00:00,,observed_metric,medium_high,Inclusion criteria matter.,Count from Epoch CSV using country column 'Country (of organization)' and date column 'Publication date'.
obs_4979cb2eb64cca,notable_ai_models_count,models,USA,United States,1959,1959,3.0,count,epoch_ai_models,https://epoch.ai/data/notable_ai_models.csv,2026-05-03T04:50:11+00:00,,observed_metric,medium_high,Inclusion criteria matter.,Count from Epoch CSV using country column 'Country (of organization)' and date column 'Publication date'.
obs_f4c25e0c9b1d1f,notable_ai_models_count,models,USA,United States,1960,1960,2.0,count,epoch_ai_models,https://epoch.ai/data/notable_ai_models.csv,2026-05-03T04:50:11+00:00,,observed_metric,medium_high,Inclusion criteria matter.,Count from Epoch CSV using country column 'Country (of organization)' and date column 'Publication date'.
obs_2a2e084b30ffca,notable_ai_models_count,models,USA,United States,1962,1962,2.0,count,epoch_ai_models,https://epoch.ai/data/notable_ai_models.csv,2026-05-03T04:50:11+00:00,,observed_metric,medium_high,Inclusion criteria matter.,Count from Epoch CSV using country column 'Country (of organization)' and date column 'Publication date'.
obs_75db69464259e8,notable_ai_models_count,models,USA,United States,1963,1963,1.0,count,epoch_ai_models,https://epoch.ai/data/notable_ai_models.csv,2026-05-03T04:50:11+00:00,,observed_metric,medium_high,Inclusion criteria matter.,Count from Epoch CSV using country column 'Country (of organization)' and date column 'Publication date'.
obs_c319b05c5fd932,notable_ai_models_count,models,USA,United States,1965,1965,1.0,count,epoch_ai_models,https://epoch.ai/data/notable_ai_models.csv,2026-05-03T04:50:11+00:00,,observed_metric,medium_high,Inclusion criteria matter.,Count from Epoch CSV using country column 'Country (of organization)' and date column 'Publication date'.
obs_b7ed23fb1ba0d2,notable_ai_models_count,models,USA,United States,1966,1966,1.0,count,epoch_ai_models,https://epoch.ai/data/notable_ai_models.csv,2026-05-03T04:50:11+00:00,,observed_metric,medium_high,Inclusion criteria matter.,Count from Epoch CSV using country column 'Country (of organization)' and date column 'Publication date'.
obs_88901037bf3374,notable_ai_models_count,models,USA,United States,1973,1973,1.0,count,epoch_ai_models,https://epoch.ai/data/notable_ai_models.csv,2026-05-03T04:50:11+00:00,,observed_metric,medium_high,Inclusion criteria matter.,Count from Epoch CSV using country column 'Country (of organization)' and date column 'Publication date'.
obs_0d6822caf84fe4,notable_ai_models_count,models,USA,United States,1982,1982,1.0,count,epoch_ai_models,https://epoch.ai/data/notable_ai_models.csv,2026-05-03T04:50:11+00:00,,observed_metric,medium_high,Inclusion criteria matter.,Count from Epoch CSV using country column 'Country (of organization)' and date column 'Publication date'.
obs_fe4792be663b48,notable_ai_models_count,models,USA,United States,1983,1983,1.0,count,epoch_ai_models,https://epoch.ai/data/notable_ai_models.csv,2026-05-03T04:50:11+00:00,,observed_metric,medium_high,Inclusion criteria matter.,Count from Epoch CSV using country column 'Country (of organization)' and date column 'Publication date'.
obs_8abf9f1a31d44a,notable_ai_models_count,models,USA,United States,1986,1986,4.0,count,epoch_ai_models,https://epoch.ai/data/notable_ai_models.csv,2026-05-03T04:50:11+00:00,,observed_metric,medium_high,Inclusion criteria matter.,Count from Epoch CSV using country column 'Country (of organization)' and date column 'Publication date'.
obs_1bcb0b9c555aaf,notable_ai_models_count,models,USA,United States,1987,1987,3.0,count,epoch_ai_models,https://epoch.ai/data/notable_ai_models.csv,2026-05-03T04:50:11+00:00,,observed_metric,medium_high,Inclusion criteria matter.,Count from Epoch CSV using country column 'Country (of organization)' and date column 'Publication date'.
obs_1930f58f717029,notable_ai_models_count,models,USA,United States,1988,1988,1.0,count,epoch_ai_models,https://epoch.ai/data/notable_ai_models.csv,2026-05-03T04:50:11+00:00,,observed_metric,medium_high,Inclusion criteria matter.,Count from Epoch CSV using country column 'Country (of organization)' and date column 'Publication date'.
obs_e8e69b5bb48255,notable_ai_models_count,models,USA,United States,1989,1989,5.0,count,epoch_ai_models,https://epoch.ai/data/notable_ai_models.csv,2026-05-03T04:50:11+00:00,,observed_metric,medium_high,Inclusion criteria matter.,Count from Epoch CSV using country column 'Country (of organization)' and date column 'Publication date'.
obs_4af8608dda991f,notable_ai_models_count,models,USA,United States,1990,1990,2.0,count,epoch_ai_models,https://epoch.ai/data/notable_ai_models.csv,2026-05-03T04:50:11+00:00,,observed_metric,medium_high,Inclusion criteria matter.,Count from Epoch CSV using country column 'Country (of organization)' and date column 'Publication date'.
obs_3b0c751b9ab282,notable_ai_models_count,models,USA,United States,1992,1992,3.0,count,epoch_ai_models,https://epoch.ai/data/notable_ai_models.csv,2026-05-03T04:50:11+00:00,,observed_metric,medium_high,Inclusion criteria matter.,Count from Epoch CSV using country column 'Country (of organization)' and date column 'Publication date'.
obs_76687d20f97faa,notable_ai_models_count,models,USA,United States,1993,1993,2.0,count,epoch_ai_models,https://epoch.ai/data/notable_ai_models.csv,2026-05-03T04:50:11+00:00,,observed_metric,medium_high,Inclusion criteria matter.,Count from Epoch CSV using country column 'Country (of organization)' and date column 'Publication date'.
obs_8a92070e80d526,notable_ai_models_count,models,USA,United States,1994,1994,1.0,count,epoch_ai_models,https://epoch.ai/data/notable_ai_models.csv,2026-05-03T04:50:11+00:00,,observed_metric,medium_high,Inclusion criteria matter.,Count from Epoch CSV using country column 'Country (of organization)' and date column 'Publication date'.
obs_2d349055b33058,notable_ai_models_count,models,USA,United States,1995,1995,2.0,count,epoch_ai_models,https://epoch.ai/data/notable_ai_models.csv,2026-05-03T04:50:11+00:00,,observed_metric,medium_high,Inclusion criteria matter.,Count from Epoch CSV using country column 'Country (of organization)' and date column 'Publication date'.
obs_46e8f42886397d,notable_ai_models_count,models,USA,United States,1996,1996,2.0,count,epoch_ai_models,https://epoch.ai/data/notable_ai_models.csv,2026-05-03T04:50:11+00:00,,observed_metric,medium_high,Inclusion criteria matter.,Count from Epoch CSV using country column 'Country (of organization)' and date column 'Publication date'.
obs_dc1c1eeaadd71a,notable_ai_models_count,models,USA,United States,1997,1997,1.0,count,epoch_ai_models,https://epoch.ai/data/notable_ai_models.csv,2026-05-03T04:50:11+00:00,,observed_metric,medium_high,Inclusion criteria matter.,Count from Epoch CSV using country column 'Country (of organization)' and date column 'Publication date'.
obs_0a5691eeafab94,notable_ai_models_count,models,USA,United States,1998,1998,1.0,count,epoch_ai_models,https://epoch.ai/data/notable_ai_models.csv,2026-05-03T04:50:11+00:00,,observed_metric,medium_high,Inclusion criteria matter.,Count from Epoch CSV using country column 'Country (of organization)' and date column 'Publication date'.
obs_794ff7e1d5cf0f,notable_ai_models_count,models,USA,United States,1999,1999,1.0,count,epoch_ai_models,https://epoch.ai/data/notable_ai_models.csv,2026-05-03T04:50:11+00:00,,observed_metric,medium_high,Inclusion criteria matter.,Count from Epoch CSV using country column 'Country (of organization)' and date column 'Publication date'.
obs_e464bbc636ad3c,notable_ai_models_count,models,USA,United States,2001,2001,3.0,count,epoch_ai_models,https://epoch.ai/data/notable_ai_models.csv,2026-05-03T04:50:11+00:00,,observed_metric,medium_high,Inclusion criteria matter.,Count from Epoch CSV using country column 'Country (of organization)' and date column 'Publication date'.
obs_9700ac223d81ec,notable_ai_models_count,models,USA,United States,2002,2002,1.0,count,epoch_ai_models,https://epoch.ai/data/notable_ai_models.csv,2026-05-03T04:50:11+00:00,,observed_metric,medium_high,Inclusion criteria matter.,Count from Epoch CSV using country column 'Country (of organization)' and date column 'Publication date'.
obs_a5eab3e0a652a2,notable_ai_models_count,models,USA,United States,2003,2003,2.0,count,epoch_ai_models,https://epoch.ai/data/notable_ai_models.csv,2026-05-03T04:50:11+00:00,,observed_metric,medium_high,Inclusion criteria matter.,Count from Epoch CSV using country column 'Country (of organization)' and date column 'Publication date'.
obs_be054c44cdcbc1,notable_ai_models_count,models,USA,United States,2004,2004,1.0,count,epoch_ai_models,https://epoch.ai/data/notable_ai_models.csv,2026-05-03T04:50:11+00:00,,observed_metric,medium_high,Inclusion criteria matter.,Count from Epoch CSV using country column 'Country (of organization)' and date column 'Publication date'.
obs_053c66687ec339,notable_ai_models_count,models,USA,United States,2005,2005,1.0,count,epoch_ai_models,https://epoch.ai/data/notable_ai_models.csv,2026-05-03T04:50:11+00:00,,observed_metric,medium_high,Inclusion criteria matter.,Count from Epoch CSV using country column 'Country (of organization)' and date column 'Publication date'.
obs_f1c54aa879b6f0,notable_ai_models_count,models,USA,United States,2006,2006,2.0,count,epoch_ai_models,https://epoch.ai/data/notable_ai_models.csv,2026-05-03T04:50:11+00:00,,observed_metric,medium_high,Inclusion criteria matter.,Count from Epoch CSV using country column 'Country (of organization)' and date column 'Publication date'.
obs_cb223ab9270301,notable_ai_models_count,models,USA,United States,2007,2007,4.0,count,epoch_ai_models,https://epoch.ai/data/notable_ai_models.csv,2026-05-03T04:50:11+00:00,,observed_metric,medium_high,Inclusion criteria matter.,Count from Epoch CSV using country column 'Country (of organization)' and date column 'Publication date'.
obs_3445f968d12553,notable_ai_models_count,models,USA,United States,2008,2008,2.0,count,epoch_ai_models,https://epoch.ai/data/notable_ai_models.csv,2026-05-03T04:50:11+00:00,,observed_metric,medium_high,Inclusion criteria matter.,Count from Epoch CSV using country column 'Country (of organization)' and date column 'Publication date'.
obs_bca080d32fc839,notable_ai_models_count,models,USA,United States,2009,2009,7.0,count,epoch_ai_models,https://epoch.ai/data/notable_ai_models.csv,2026-05-03T04:50:11+00:00,,observed_metric,medium_high,Inclusion criteria matter.,Count from Epoch CSV using country column 'Country (of organization)' and date column 'Publication date'.
obs_f38cddbe0089e9,notable_ai_models_count,models,USA,United States,2010,2010,4.0,count,epoch_ai_models,https://epoch.ai/data/notable_ai_models.csv,2026-05-03T04:50:11+00:00,,observed_metric,medium_high,Inclusion criteria matter.,Count from Epoch CSV using country column 'Country (of organization)' and date column 'Publication date'.
obs_d2e213f8a5550f,notable_ai_models_count,models,USA,United States,2011,2011,5.0,count,epoch_ai_models,https://epoch.ai/data/notable_ai_models.csv,2026-05-03T04:50:11+00:00,,observed_metric,medium_high,Inclusion criteria matter.,Count from Epoch CSV using country column 'Country (of organization)' and date column 'Publication date'.
obs_27c5d6d128a288,notable_ai_models_count,models,USA,United States,2012,2012,6.0,count,epoch_ai_models,https://epoch.ai/data/notable_ai_models.csv,2026-05-03T04:50:11+00:00,,observed_metric,medium_high,Inclusion criteria matter.,Count from Epoch CSV using country column 'Country (of organization)' and date column 'Publication date'.
obs_4eafa108e07739,notable_ai_models_count,models,USA,United States,2013,2013,13.0,count,epoch_ai_models,https://epoch.ai/data/notable_ai_models.csv,2026-05-03T04:50:11+00:00,,observed_metric,medium_high,Inclusion criteria matter.,Count from Epoch CSV using country column 'Country (of organization)' and date column 'Publication date'.
obs_bd2125479fef59,notable_ai_models_count,models,USA,United States,2014,2014,16.0,count,epoch_ai_models,https://epoch.ai/data/notable_ai_models.csv,2026-05-03T04:50:11+00:00,,observed_metric,medium_high,Inclusion criteria matter.,Count from Epoch CSV using country column 'Country (of organization)' and date column 'Publication date'.
obs_18d5b9446f80fb,notable_ai_models_count,models,USA,United States,2015,2015,19.0,count,epoch_ai_models,https://epoch.ai/data/notable_ai_models.csv,2026-05-03T04:50:11+00:00,,observed_metric,medium_high,Inclusion criteria matter.,Count from Epoch CSV using country column 'Country (of organization)' and date column 'Publication date'.
obs_e6f25c4cd083fe,notable_ai_models_count,models,USA,United States,2016,2016,36.0,count,epoch_ai_models,https://epoch.ai/data/notable_ai_models.csv,2026-05-03T04:50:11+00:00,,observed_metric,medium_high,Inclusion criteria matter.,Count from Epoch CSV using country column 'Country (of organization)' and date column 'Publication date'.
obs_29c6a8e1578ba2,notable_ai_models_count,models,USA,United States,2017,2017,29.0,count,epoch_ai_models,https://epoch.ai/data/notable_ai_models.csv,2026-05-03T04:50:11+00:00,,observed_metric,medium_high,Inclusion criteria matter.,Count from Epoch CSV using country column 'Country (of organization)' and date column 'Publication date'.
obs_7661e743a53d67,notable_ai_models_count,models,USA,United States,2018,2018,27.0,count,epoch_ai_models,https://epoch.ai/data/notable_ai_models.csv,2026-05-03T04:50:11+00:00,,observed_metric,medium_high,Inclusion criteria matter.,Count from Epoch CSV using country column 'Country (of organization)' and date column 'Publication date'.
obs_ef28635497783c,notable_ai_models_count,models,USA,United States,2019,2019,56.0,count,epoch_ai_models,https://epoch.ai/data/notable_ai_models.csv,2026-05-03T04:50:11+00:00,,observed_metric,medium_high,Inclusion criteria matter.,Count from Epoch CSV using country column 'Country (of organization)' and date column 'Publication date'.
obs_0ec3078917e435,notable_ai_models_count,models,USA,United States,2020,2020,37.0,count,epoch_ai_models,https://epoch.ai/data/notable_ai_models.csv,2026-05-03T04:50:11+00:00,,observed_metric,medium_high,Inclusion criteria matter.,Count from Epoch CSV using country column 'Country (of organization)' and date column 'Publication date'.
obs_2696d79c198a54,notable_ai_models_count,models,USA,United States,2021,2021,54.0,count,epoch_ai_models,https://epoch.ai/data/notable_ai_models.csv,2026-05-03T04:50:11+00:00,,observed_metric,medium_high,Inclusion criteria matter.,Count from Epoch CSV using country column 'Country (of organization)' and date column 'Publication date'.
obs_4d1a500ea3dbdb,notable_ai_models_count,models,USA,United States,2022,2022,68.0,count,epoch_ai_models,https://epoch.ai/data/notable_ai_models.csv,2026-05-03T04:50:11+00:00,,observed_metric,medium_high,Inclusion criteria matter.,Count from Epoch CSV using country column 'Country (of organization)' and date column 'Publication date'.
obs_c286e4a9228c25,notable_ai_models_count,models,USA,United States,2023,2023,86.0,count,epoch_ai_models,https://epoch.ai/data/notable_ai_models.csv,2026-05-03T04:50:11+00:00,,observed_metric,medium_high,Inclusion criteria matter.,Count from Epoch CSV using country column 'Country (of organization)' and date column 'Publication date'.
obs_fef77f9377edb1,notable_ai_models_count,models,USA,United States,2024,2024,57.0,count,epoch_ai_models,https://epoch.ai/data/notable_ai_models.csv,2026-05-03T04:50:11+00:00,,observed_metric,medium_high,Inclusion criteria matter.,Count from Epoch CSV using country column 'Country (of organization)' and date column 'Publication date'.
obs_15c16e461ff692,notable_ai_models_count,models,USA,United States,2025,2025,60.0,count,epoch_ai_models,https://epoch.ai/data/notable_ai_models.csv,2026-05-03T04:50:11+00:00,,observed_metric,medium_high,Inclusion criteria matter.,Count from Epoch CSV using country column 'Country (of organization)' and date column 'Publication date'.
obs_ac643c10f14a4b,notable_ai_models_count,models,USA,United States,2026,2026,11.0,count,epoch_ai_models,https://epoch.ai/data/notable_ai_models.csv,2026-05-03T04:50:11+00:00,,observed_metric,medium_high,Inclusion criteria matter.,Count from Epoch CSV using country column 'Country (of organization)' and date column 'Publication date'.
obs_c5729bb0476d8e,physical_ai_exposure_pct,worker_adoption,KOR,South Korea,2025,2025,11.0,percent,bok_genai,https://www.bok.or.kr/portal/bbs/P0002353/view.do?depth=201150&menuNo=200433&nttId=10093071&oldMenuNo=201150&pageIndex=1&pageUnit=10&programType=newsData&searchCnd=1&searchKwd=,2026-05-03T04:50:04+00:00,,survey_metric,medium_high,Survey estimate.,Current share exposed to physical AI/autonomous robots.
obs_b35c314cd4e0de,private_ai_investment_usd,funding,CHN,China,2013,2013,616584390.0,USD,stanford_ai_index,https://hai.stanford.edu/ai-index,2026-05-03T04:50:18+00:00,,index_metric,medium_high,Dataset methodology matters.,Stanford AI Index local figure fig_4.2.11.csv; billions converted to USD.
obs_8ac55fc730620c,private_ai_investment_usd,funding,CHN,China,2014,2014,673935556.0,USD,stanford_ai_index,https://hai.stanford.edu/ai-index,2026-05-03T04:50:18+00:00,,index_metric,medium_high,Dataset methodology matters.,Stanford AI Index local figure fig_4.2.11.csv; billions converted to USD.
obs_9ae02726c8fb66,private_ai_investment_usd,funding,CHN,China,2015,2015,2086373778.0,USD,stanford_ai_index,https://hai.stanford.edu/ai-index,2026-05-03T04:50:18+00:00,,index_metric,medium_high,Dataset methodology matters.,Stanford AI Index local figure fig_4.2.11.csv; billions converted to USD.
obs_dd2632a76535ca,private_ai_investment_usd,funding,CHN,China,2016,2016,4519861251.0,USD,stanford_ai_index,https://hai.stanford.edu/ai-index,2026-05-03T04:50:18+00:00,,index_metric,medium_high,Dataset methodology matters.,Stanford AI Index local figure fig_4.2.11.csv; billions converted to USD.
obs_fab10933a020f2,private_ai_investment_usd,funding,CHN,China,2017,2017,6616391256.0,USD,stanford_ai_index,https://hai.stanford.edu/ai-index,2026-05-03T04:50:18+00:00,,index_metric,medium_high,Dataset methodology matters.,Stanford AI Index local figure fig_4.2.11.csv; billions converted to USD.
obs_e6c042076dfd87,private_ai_investment_usd,funding,CHN,China,2018,2018,13965049606.0,USD,stanford_ai_index,https://hai.stanford.edu/ai-index,2026-05-03T04:50:18+00:00,,index_metric,medium_high,Dataset methodology matters.,Stanford AI Index local figure fig_4.2.11.csv; billions converted to USD.
obs_43a75c26f39130,private_ai_investment_usd,funding,CHN,China,2019,2019,14054024816.0,USD,stanford_ai_index,https://hai.stanford.edu/ai-index,2026-05-03T04:50:18+00:00,,index_metric,medium_high,Dataset methodology matters.,Stanford AI Index local figure fig_4.2.11.csv; billions converted to USD.
obs_832971ed59df8a,private_ai_investment_usd,funding,CHN,China,2020,2020,17069635911.999998,USD,stanford_ai_index,https://hai.stanford.edu/ai-index,2026-05-03T04:50:18+00:00,,index_metric,medium_high,Dataset methodology matters.,Stanford AI Index local figure fig_4.2.11.csv; billions converted to USD.
obs_bf79227d8e54dc,private_ai_investment_usd,funding,CHN,China,2021,2021,25891135000.0,USD,stanford_ai_index,https://hai.stanford.edu/ai-index,2026-05-03T04:50:18+00:00,,index_metric,medium_high,Dataset methodology matters.,Stanford AI Index local figure fig_4.2.11.csv; billions converted to USD.
obs_fb93a18b36cc32,private_ai_investment_usd,funding,CHN,China,2022,2022,15068451929.0,USD,stanford_ai_index,https://hai.stanford.edu/ai-index,2026-05-03T04:50:18+00:00,,index_metric,medium_high,Dataset methodology matters.,Stanford AI Index local figure fig_4.2.11.csv; billions converted to USD.
obs_2ef12e707d86fe,private_ai_investment_usd,funding,CHN,China,2023,2023,9468041482.0,USD,stanford_ai_index,https://hai.stanford.edu/ai-index,2026-05-03T04:50:18+00:00,,index_metric,medium_high,Dataset methodology matters.,Stanford AI Index local figure fig_4.2.11.csv; billions converted to USD.
obs_2940b4205e18e8,private_ai_investment_usd,funding,CHN,China,2024,2024,9387937350.0,USD,stanford_ai_index,https://hai.stanford.edu/ai-index,2026-05-03T04:50:18+00:00,,index_metric,medium_high,Dataset methodology matters.,Stanford AI Index local figure fig_4.2.11.csv; billions converted to USD.
obs_88634608c5e51a,private_ai_investment_usd,funding,CHN,China,2025,2025,12412093488.0,USD,stanford_ai_index,https://hai.stanford.edu/ai-index,2026-05-03T04:50:18+00:00,,index_metric,medium_high,Dataset methodology matters.,Stanford AI Index local figure fig_4.2.11.csv; billions converted to USD.
obs_466bbad6b73fcc,private_ai_investment_usd,funding,USA,United States,2013,2013,3620671948.0,USD,stanford_ai_index,https://hai.stanford.edu/ai-index,2026-05-03T04:50:18+00:00,,index_metric,medium_high,Dataset methodology matters.,Stanford AI Index local figure fig_4.2.11.csv; billions converted to USD.
obs_12ba03ad3a5d06,private_ai_investment_usd,funding,USA,United States,2014,2014,6957072547.0,USD,stanford_ai_index,https://hai.stanford.edu/ai-index,2026-05-03T04:50:18+00:00,,index_metric,medium_high,Dataset methodology matters.,Stanford AI Index local figure fig_4.2.11.csv; billions converted to USD.
obs_cc50f707cc7586,private_ai_investment_usd,funding,USA,United States,2015,2015,9300375238.0,USD,stanford_ai_index,https://hai.stanford.edu/ai-index,2026-05-03T04:50:18+00:00,,index_metric,medium_high,Dataset methodology matters.,Stanford AI Index local figure fig_4.2.11.csv; billions converted to USD.
obs_875974843dcd87,private_ai_investment_usd,funding,USA,United States,2016,2016,10154275927.0,USD,stanford_ai_index,https://hai.stanford.edu/ai-index,2026-05-03T04:50:18+00:00,,index_metric,medium_high,Dataset methodology matters.,Stanford AI Index local figure fig_4.2.11.csv; billions converted to USD.
obs_fe4d0752fa98b9,private_ai_investment_usd,funding,USA,United States,2017,2017,14065456072.0,USD,stanford_ai_index,https://hai.stanford.edu/ai-index,2026-05-03T04:50:18+00:00,,index_metric,medium_high,Dataset methodology matters.,Stanford AI Index local figure fig_4.2.11.csv; billions converted to USD.
obs_9a753ba96c50e8,private_ai_investment_usd,funding,USA,United States,2018,2018,21051400722.0,USD,stanford_ai_index,https://hai.stanford.edu/ai-index,2026-05-03T04:50:18+00:00,,index_metric,medium_high,Dataset methodology matters.,Stanford AI Index local figure fig_4.2.11.csv; billions converted to USD.
obs_d08eb378960a5c,private_ai_investment_usd,funding,USA,United States,2019,2019,32073515772.0,USD,stanford_ai_index,https://hai.stanford.edu/ai-index,2026-05-03T04:50:18+00:00,,index_metric,medium_high,Dataset methodology matters.,Stanford AI Index local figure fig_4.2.11.csv; billions converted to USD.
obs_311a9915d69ca8,private_ai_investment_usd,funding,USA,United States,2020,2020,44216815156.0,USD,stanford_ai_index,https://hai.stanford.edu/ai-index,2026-05-03T04:50:18+00:00,,index_metric,medium_high,Dataset methodology matters.,Stanford AI Index local figure fig_4.2.11.csv; billions converted to USD.
obs_2c3032c858d297,private_ai_investment_usd,funding,USA,United States,2021,2021,86855559397.0,USD,stanford_ai_index,https://hai.stanford.edu/ai-index,2026-05-03T04:50:18+00:00,,index_metric,medium_high,Dataset methodology matters.,Stanford AI Index local figure fig_4.2.11.csv; billions converted to USD.
obs_d85fc7f8b38cb0,private_ai_investment_usd,funding,USA,United States,2022,2022,61185077969.0,USD,stanford_ai_index,https://hai.stanford.edu/ai-index,2026-05-03T04:50:18+00:00,,index_metric,medium_high,Dataset methodology matters.,Stanford AI Index local figure fig_4.2.11.csv; billions converted to USD.
obs_7b96d5fca37cf7,private_ai_investment_usd,funding,USA,United States,2023,2023,72364764946.0,USD,stanford_ai_index,https://hai.stanford.edu/ai-index,2026-05-03T04:50:18+00:00,,index_metric,medium_high,Dataset methodology matters.,Stanford AI Index local figure fig_4.2.11.csv; billions converted to USD.
obs_d3fb9539530226,private_ai_investment_usd,funding,USA,United States,2024,2024,109547864789.0,USD,stanford_ai_index,https://hai.stanford.edu/ai-index,2026-05-03T04:50:18+00:00,,index_metric,medium_high,Dataset methodology matters.,Stanford AI Index local figure fig_4.2.11.csv; billions converted to USD.
obs_a0b8087c3ba452,private_ai_investment_usd,funding,USA,United States,2025,2025,285875311074.0,USD,stanford_ai_index,https://hai.stanford.edu/ai-index,2026-05-03T04:50:18+00:00,,index_metric,medium_high,Dataset methodology matters.,Stanford AI Index local figure fig_4.2.11.csv; billions converted to USD.
obs_40d821b98ffc1b,public_gpu_procurement_budget_krw,compute,KOR,South Korea,2025,2025,1460000000000.0,KRW,msit_gpu_procurement,https://www.msit.go.kr/eng/bbs/view.do?bbsSeqNo=42&mId=4&mPid=2&nttSeqNo=1155&pageIndex=&sCode=eng&searchOpt=ALL&searchTxt=,2026-05-03T04:49:59+00:00,,official_target,high,Budget/target.,First supplementary budget amount for GPU procurement.
obs_7dcf36d0042451,public_gpu_procurement_count,compute,KOR,South Korea,2025,2025,13000.0,GPU count,msit_gpu_procurement,https://www.msit.go.kr/eng/bbs/view.do?bbsSeqNo=42&mId=4&mPid=2&nttSeqNo=1155&pageIndex=&sCode=eng&searchOpt=ALL&searchTxt=,2026-05-03T04:49:59+00:00,,official_target,high,Procurement/target; verify achieved deployment separately.,Total GPUs to be secured under public-private GPU procurement.
obs_fa64b1be9210de,robot_density_manufacturing,adoption,CHN,China,2024,2024,166.0,robots per 10k workers,ifr_robotics,https://ifr.org/ifr-press-releases/news/robot-density-surges-in-europe-asia-and-americas,2026-05-03T04:50:03+00:00,,observed_metric,medium_high,IFR methodology.,IFR press-release value for robot density in manufacturing.
obs_a60888f337c592,robot_density_manufacturing,adoption,KOR,South Korea,2024,2024,1220.0,robots per 10k workers,ifr_robotics,https://ifr.org/ifr-press-releases/news/robot-density-surges-in-europe-asia-and-americas,2026-05-03T04:50:03+00:00,,observed_metric,medium_high,IFR methodology.,IFR press-release value for robot density in manufacturing.
obs_d2da6215657f9f,robot_density_manufacturing,adoption,USA,United States,2024,2024,307.0,robots per 10k workers,ifr_robotics,https://ifr.org/ifr-press-releases/news/robot-density-surges-in-europe-asia-and-americas,2026-05-03T04:50:03+00:00,,observed_metric,medium_high,IFR methodology.,IFR press-release value for robot density in manufacturing.
obs_f7aa80975b9d70,smart_manufacturing_ai_projects_2026,adoption,KOR,South Korea,2026,2026,450.0,count,mss_smart_manufacturing,https://www.mss.go.kr/site/eng/ex/bbs/View.do?bcIdx=1062921&cbIdx=244,2026-05-03T04:50:07+00:00,,official_target,high,Program target/support count.,"Approximate total support projects: autonomous factories, AI-specialized smart factories, and AI tracks."
obs_01e61a68b30143,top500_system_count,compute,CHN,China,2025,2025,40.0,count,top500,https://top500.org/lists/top500/2025/11/download/TOP500_202511.xlsx,2026-05-03T04:50:17+00:00,,observed_metric,medium_high,Public ranked systems only.,Count from TOP500 downloadable current list.
obs_b81b5582b2444c,top500_system_count,compute,KOR,South Korea,2025,2025,15.0,count,top500,https://top500.org/lists/top500/2025/11/download/TOP500_202511.xlsx,2026-05-03T04:50:17+00:00,,observed_metric,medium_high,Public ranked systems only.,Count from TOP500 downloadable current list.
obs_5e1bee98e47f83,top500_system_count,compute,USA,United States,2025,2025,171.0,count,top500,https://top500.org/lists/top500/2025/11/download/TOP500_202511.xlsx,2026-05-03T04:50:17+00:00,,observed_metric,medium_high,Public ranked systems only.,Count from TOP500 downloadable current list.
obs_4276014c03bdef,top500_total_rmax_pflops,compute,CHN,China,2025,2025,204.93361388,PFLOP/s,top500,https://top500.org/lists/top500/2025/11/download/TOP500_202511.xlsx,2026-05-03T04:50:17+00:00,,observed_metric,medium_high,Benchmarked HPC only; not all private AI clusters submit.,"Rmax column parsed from TOP500 downloadable list; if source column is TFlop/s, value converted to PFLOP/s."
obs_85c07708e5e3fd,top500_total_rmax_pflops,compute,KOR,South Korea,2025,2025,323.1149,PFLOP/s,top500,https://top500.org/lists/top500/2025/11/download/TOP500_202511.xlsx,2026-05-03T04:50:17+00:00,,observed_metric,medium_high,Benchmarked HPC only; not all private AI clusters submit.,"Rmax column parsed from TOP500 downloadable list; if source column is TFlop/s, value converted to PFLOP/s."
obs_498caa81a4c32b,top500_total_rmax_pflops,compute,USA,United States,2025,2025,6961.33049,PFLOP/s,top500,https://top500.org/lists/top500/2025/11/download/TOP500_202511.xlsx,2026-05-03T04:50:17+00:00,,observed_metric,medium_high,Benchmarked HPC only; not all private AI clusters submit.,"Rmax column parsed from TOP500 downloadable list; if source column is TFlop/s, value converted to PFLOP/s."
obs_b081aa648d7c3a,worker_genai_any_use_pct,worker_adoption,KOR,South Korea,2025,2025,63.5,percent,bok_genai,https://www.bok.or.kr/portal/bbs/P0002353/view.do?depth=201150&menuNo=200433&nttId=10093071&oldMenuNo=201150&pageIndex=1&pageUnit=10&programType=newsData&searchCnd=1&searchKwd=,2026-05-03T04:50:04+00:00,,survey_metric,medium_high,Survey; check methodology.,Share of workers using GenAI in any capacity.
obs_b7ffb0bd37fbc3,worker_genai_work_use_pct,worker_adoption,KOR,South Korea,2025,2025,51.8,percent,bok_genai,https://www.bok.or.kr/portal/bbs/P0002353/view.do?depth=201150&menuNo=200433&nttId=10093071&oldMenuNo=201150&pageIndex=1&pageUnit=10&programType=newsData&searchCnd=1&searchKwd=,2026-05-03T04:50:04+00:00,,survey_metric,medium_high,Survey; check methodology.,Share using GenAI for work.
obs_e5eecd5f431786,worker_positive_ai_society_pct,social_readiness,KOR,South Korea,2025,2025,48.1,percent,bok_genai,https://www.bok.or.kr/portal/bbs/P0002353/view.do?depth=201150&menuNo=200433&nttId=10093071&oldMenuNo=201150&pageIndex=1&pageUnit=10&programType=newsData&searchCnd=1&searchKwd=,2026-05-03T04:50:04+00:00,,survey_metric,medium_high,Survey.,Workers expecting positive societal impact.
obs_0000e145ac4c28,worker_retraining_intention_pct,talent,KOR,South Korea,2025,2025,33.4,percent,bok_genai,https://www.bok.or.kr/portal/bbs/P0002353/view.do?depth=201150&menuNo=200433&nttId=10093071&oldMenuNo=201150&pageIndex=1&pageUnit=10&programType=newsData&searchCnd=1&searchKwd=,2026-05-03T04:50:04+00:00,,survey_metric,medium_high,Survey.,Workers preparing through education/training.
