file_path,absolute_file_path,file_type,file_size,modified_date,rows_if_tabular,columns_if_tabular,detected_source_id,notes
data\bronze\epoch_ai_chip_owners\cumulative_by_chip_type.csv,C:\Users\ASUS\Desktop\SAIS Playground\ROKxAI\korea-ai-industry-dashboard\data\bronze\epoch_ai_chip_owners\cumulative_by_chip_type.csv,csv,144552,1777783813.2746043,515,Name|Chip manufacturer|Owner|Chip type|Start date|End date|Compute estimate in H100e (median)|H100e (5th percentile)|H100e (95th percentile)|Number of Units (median)|Number of Units (5th percentile)|Number of Units (95th percentile)|Source / Link|Notes|Last Modified By|Last Modified|Incomplete|Created|Total TDP (W)|Total TDP (W) (5th percentile)|Total TDP (W) (95th percentile)|Last Modified 2,epoch_ai_chip_owners,
data\bronze\epoch_ai_chip_owners\cumulative_by_designer.csv,C:\Users\ASUS\Desktop\SAIS Playground\ROKxAI\korea-ai-industry-dashboard\data\bronze\epoch_ai_chip_owners\cumulative_by_designer.csv,csv,44205,1777783813.2687998,215,Name|Chip manufacturer|Owner|Start date|End date|Compute estimate in H100e (median)|H100e (5th percentile)|H100e (95th percentile)|Number of Units (median)|Number of Units (5th percentile)|Number of Units (95th percentile)|Power in MW (median)|Power in MW (5th percentile)|Power in MW (95th percentile)|Source / Link|Notes|Last Modified By|Last Modified|Incomplete,epoch_ai_chip_owners,
data\bronze\epoch_ai_chip_owners\quarters_by_chip_type.csv,C:\Users\ASUS\Desktop\SAIS Playground\ROKxAI\korea-ai-industry-dashboard\data\bronze\epoch_ai_chip_owners\quarters_by_chip_type.csv,csv,80232,1777783813.2687998,384,Name|Chip manufacturer|Owner|Chip type|Start date|End date|Compute estimate in H100e (median)|H100e (5th percentile)|H100e (95th percentile)|Number of Units|Number of Units (5th percentile)|Number of Units (95th percentile)|Source / Link|Notes|Last Modified By|Last Modified|Incomplete|Total TDP (W)|Total TDP (W) (5th percentile)|Total TDP (W) (95th percentile),epoch_ai_chip_owners,
data\bronze\epoch_ai_models\frontier_ai_models_count.parquet,C:\Users\ASUS\Desktop\SAIS Playground\ROKxAI\korea-ai-industry-dashboard\data\bronze\epoch_ai_models\frontier_ai_models_count.parquet,parquet,251889,1777783811.9093823,137,Model|Publication date|Organization|Training compute (FLOP)|Training compute notes|Domain|Task|Link|Parameters|Parameters notes|Authors|Notability criteria|Notability criteria notes|Model accessibility|Citations|Reference|Training dataset|Training dataset notes|Dataset size notes|Epochs|Training time (hours)|Training time notes|Training hardware|Compute cost notes|Confidence|Abstract|Country (of organization)|Base model|Finetune compute (FLOP)|Finetune compute notes|Hardware quantity|Hardware utilization (MFU)|Training data center|Batch size|Batch size notes|Training chip-hours|Training code accessibility|Accessibility notes|Training compute cost (2023 USD)|Training dataset size|Utilization notes|Estimated over 1e25 FLOP|Power per GPU|Base model compute|API prices|Inference code accessibility|Numerical format|Frontier model|Training power draw (W)|FLOP/$|Hardware release date|Training compute estimation method|Post-training compute (FLOP)|Post-training compute notes|Model versions (benchmarks)|Maybe over 1e25 FLOP|Hardware utilization (HFU)|Training compute cost (cloud)|Training compute cost (upfront)|Training dataset size (total)|Open model weights?,epoch_ai_models,
data\bronze\epoch_ai_models\large_scale_models_count.parquet,C:\Users\ASUS\Desktop\SAIS Playground\ROKxAI\korea-ai-industry-dashboard\data\bronze\epoch_ai_models\large_scale_models_count.parquet,parquet,485995,1777783812.0766144,510,Model|Domain|Task|Authors|Model accessibility|Link|Citations|Reference|Publication date|Organization|Parameters|Parameters notes|Training compute (FLOP)|Training compute notes|Training dataset|Training dataset notes|(DEPRECATED) Training dataset size (datapoints)|Dataset size notes|Training time (hours)|Training time notes|Training hardware|Confidence|Abstract|Country (of organization)|Base model|Finetune compute (FLOP)|Finetune compute notes|Hardware quantity|Hardware utilization (MFU)|Training code accessibility|Accessibility notes|Hardware utilization (HFU)|Training compute cost (cloud)|Training compute cost (upfront),epoch_ai_models,
data\bronze\epoch_ai_models\max_domestic_model_training_compute_flop.parquet,C:\Users\ASUS\Desktop\SAIS Playground\ROKxAI\korea-ai-industry-dashboard\data\bronze\epoch_ai_models\max_domestic_model_training_compute_flop.parquet,parquet,2902753,1777783812.8073297,3519,Model|Domain|Task|Organization|Authors|Publication date|Reference|Link|Citations|Notability criteria|Notability criteria notes|Parameters|Parameters notes|Training compute (FLOP)|Training compute notes|Training dataset size (total)|Dataset size notes|Training time (hours)|Training time notes|Training hardware|Approach|Confidence|Abstract|Epochs|WikiText and Penn Treebank data|Model accessibility|Country (of organization)|Base model|Finetune compute (FLOP)|Finetune compute notes|Hardware quantity|Hardware utilization (MFU)|Last modified|Training cloud compute vendor|Training data center|Archived links|Batch size|Batch size notes|Organization categorization|Foundation model|Training compute lower bound|Training compute upper bound|Training chip-hours|Training code accessibility|Accessibility notes|Possibly over 1e23 FLOP|Training compute cost (2023 USD)|Utilization notes|Numerical format|Frontier model|Training power draw (W)|Training compute estimation method|Hugging Face developer id|Post-training compute (FLOP)|Post-training compute notes|Hardware utilization (HFU)|Open model weights?,epoch_ai_models,
data\bronze\epoch_ai_models\notable_ai_models_count.parquet,C:\Users\ASUS\Desktop\SAIS Playground\ROKxAI\korea-ai-industry-dashboard\data\bronze\epoch_ai_models\notable_ai_models_count.parquet,parquet,1097323,1777783811.7118802,1011,Model|Organization|Publication date|Domain|Task|Parameters|Parameters notes|Training compute (FLOP)|Training compute notes|Training dataset|Training dataset size (total)|Dataset size notes|Confidence|Link|Reference|Citations|Authors|Abstract|Organization categorization|Country (of organization)|Notability criteria|Notability criteria notes|Epochs|Training time (hours)|Training time notes|Training hardware|Hardware quantity|Hardware utilization (MFU)|Training compute cost (2023 USD)|Compute cost notes|Training power draw (W)|Base model|Finetune compute (FLOP)|Finetune compute notes|Batch size|Batch size notes|Model accessibility|Training code accessibility|Inference code accessibility|Accessibility notes|Numerical format|Frontier model|Hardware acquisition cost|Hardware utilization (HFU)|Training compute cost (cloud)|Training compute cost (upfront)|Open model weights?,epoch_ai_models,
data\gold\indicators.parquet,C:\Users\ASUS\Desktop\SAIS Playground\ROKxAI\korea-ai-industry-dashboard\data\gold\indicators.parquet,parquet,24182,1777783842.399935,64,priority|category|indicator_id|indicator_name|definition|unit|country_coverage|comparison_group|indicator_type|primary_source_id|source_name|source_url|collection_method|freshness_target|confidence_tier|uncertainty_note|relevance_note|status,gold,
data\gold\observations.parquet,C:\Users\ASUS\Desktop\SAIS Playground\ROKxAI\korea-ai-industry-dashboard\data\gold\observations.parquet,parquet,22446,1777783842.3878841,242,observation_id|indicator_id|category|country_iso3|country_name|year|time_period|value|unit|source_id|source_url|retrieved_at|source_publication_date|indicator_type|confidence_tier|uncertainty_note|notes,gold,
data\gold\sources.parquet,C:\Users\ASUS\Desktop\SAIS Playground\ROKxAI\korea-ai-industry-dashboard\data\gold\sources.parquet,parquet,12448,1777783842.3939097,28,source_id|publisher|title|url|source_type|access_method|confidence_tier|update_cadence|modules|notes,gold,
data\manual_review\collection_status.csv,C:\Users\ASUS\Desktop\SAIS Playground\ROKxAI\korea-ai-industry-dashboard\data\manual_review\collection_status.csv,csv,27719,1777783819.4271283,64,indicator_id|source_id|attempted|success|latest_year_collected|countries_collected|raw_file_path|silver_file_path|error_or_limitation|needs_manual_review,manual_review,
data\raw\bok_genai\2026-05-03\bok_genai.html,C:\Users\ASUS\Desktop\SAIS Playground\ROKxAI\korea-ai-industry-dashboard\data\raw\bok_genai\2026-05-03\bok_genai.html,html,405211,1777783807.117106,,,bok_genai,
data\raw\bok_genai\2026-05-03\bok_genai.metadata.json,C:\Users\ASUS\Desktop\SAIS Playground\ROKxAI\korea-ai-industry-dashboard\data\raw\bok_genai\2026-05-03\bok_genai.metadata.json,json,503,1777783807.117106,1,source_id|url|retrieved_at|status_code|file_path|content_type|notes,bok_genai,
data\raw\epoch_ai_chip_owners\2026-05-03\epoch_ai_chip_owners_owners.metadata.json,C:\Users\ASUS\Desktop\SAIS Playground\ROKxAI\korea-ai-industry-dashboard\data\raw\epoch_ai_chip_owners\2026-05-03\epoch_ai_chip_owners_owners.metadata.json,json,398,1777783813.2431705,1,source_id|url|retrieved_at|status_code|file_path|content_type|notes,epoch_ai_chip_owners,
data\raw\epoch_ai_models\2026-05-03\epoch_ai_models_all.csv,C:\Users\ASUS\Desktop\SAIS Playground\ROKxAI\korea-ai-industry-dashboard\data\raw\epoch_ai_models\2026-05-03\epoch_ai_models_all.csv,csv,6662697,1777783812.6119416,3519,Model|Domain|Task|Organization|Authors|Publication date|Reference|Link|Citations|Notability criteria|Notability criteria notes|Parameters|Parameters notes|Training compute (FLOP)|Training compute notes|Training dataset size (total)|Dataset size notes|Training time (hours)|Training time notes|Training hardware|Approach|Confidence|Abstract|Epochs|WikiText and Penn Treebank data|Model accessibility|Country (of organization)|Base model|Finetune compute (FLOP)|Finetune compute notes|Hardware quantity|Hardware utilization (MFU)|Last modified|Training cloud compute vendor|Training data center|Archived links|Batch size|Batch size notes|Organization categorization|Foundation model|Training compute lower bound|Training compute upper bound|Training chip-hours|Training code accessibility|Accessibility notes|Possibly over 1e23 FLOP|Training compute cost (2023 USD)|Utilization notes|Numerical format|Frontier model|Training power draw (W)|Training compute estimation method|Hugging Face developer id|Post-training compute (FLOP)|Post-training compute notes|Hardware utilization (HFU)|Open model weights?,epoch_ai_models,
data\raw\epoch_ai_models\2026-05-03\epoch_ai_models_all.metadata.json,C:\Users\ASUS\Desktop\SAIS Playground\ROKxAI\korea-ai-industry-dashboard\data\raw\epoch_ai_models\2026-05-03\epoch_ai_models_all.metadata.json,json,372,1777783812.6119416,1,source_id|url|retrieved_at|status_code|file_path|content_type|notes,epoch_ai_models,
data\raw\epoch_ai_models\2026-05-03\epoch_ai_models_frontier.csv,C:\Users\ASUS\Desktop\SAIS Playground\ROKxAI\korea-ai-industry-dashboard\data\raw\epoch_ai_models\2026-05-03\epoch_ai_models_frontier.csv,csv,372822,1777783811.8698962,137,Model|Publication date|Organization|Training compute (FLOP)|Training compute notes|Domain|Task|Link|Parameters|Parameters notes|Authors|Notability criteria|Notability criteria notes|Model accessibility|Citations|Reference|Training dataset|Training dataset notes|Dataset size notes|Epochs|Training time (hours)|Training time notes|Training hardware|Compute cost notes|Confidence|Abstract|Country (of organization)|Base model|Finetune compute (FLOP)|Finetune compute notes|Hardware quantity|Hardware utilization (MFU)|Training data center|Batch size|Batch size notes|Training chip-hours|Training code accessibility|Accessibility notes|Training compute cost (2023 USD)|Training dataset size|Utilization notes|Estimated over 1e25 FLOP|Power per GPU|Base model compute|API prices|Inference code accessibility|Numerical format|Frontier model|Training power draw (W)|FLOP/$|Hardware release date|Training compute estimation method|Post-training compute (FLOP)|Post-training compute notes|Model versions (benchmarks)|Maybe over 1e25 FLOP|Hardware utilization (HFU)|Training compute cost (cloud)|Training compute cost (upfront)|Training dataset size (total)|Open model weights?,epoch_ai_models,
data\raw\epoch_ai_models\2026-05-03\epoch_ai_models_frontier.metadata.json,C:\Users\ASUS\Desktop\SAIS Playground\ROKxAI\korea-ai-industry-dashboard\data\raw\epoch_ai_models\2026-05-03\epoch_ai_models_frontier.metadata.json,json,382,1777783811.8698962,1,source_id|url|retrieved_at|status_code|file_path|content_type|notes,epoch_ai_models,
data\raw\epoch_ai_models\2026-05-03\epoch_ai_models_large_scale.csv,C:\Users\ASUS\Desktop\SAIS Playground\ROKxAI\korea-ai-industry-dashboard\data\raw\epoch_ai_models\2026-05-03\epoch_ai_models_large_scale.csv,csv,1059586,1777783812.0272725,510,Model|Domain|Task|Authors|Model accessibility|Link|Citations|Reference|Publication date|Organization|Parameters|Parameters notes|Training compute (FLOP)|Training compute notes|Training dataset|Training dataset notes|(DEPRECATED) Training dataset size (datapoints)|Dataset size notes|Training time (hours)|Training time notes|Training hardware|Confidence|Abstract|Country (of organization)|Base model|Finetune compute (FLOP)|Finetune compute notes|Hardware quantity|Hardware utilization (MFU)|Training code accessibility|Accessibility notes|Hardware utilization (HFU)|Training compute cost (cloud)|Training compute cost (upfront),epoch_ai_models,
data\raw\epoch_ai_models\2026-05-03\epoch_ai_models_large_scale.metadata.json,C:\Users\ASUS\Desktop\SAIS Playground\ROKxAI\korea-ai-industry-dashboard\data\raw\epoch_ai_models\2026-05-03\epoch_ai_models_large_scale.metadata.json,json,388,1777783812.0292783,1,source_id|url|retrieved_at|status_code|file_path|content_type|notes,epoch_ai_models,
data\raw\epoch_ai_models\2026-05-03\epoch_ai_models_notable.csv,C:\Users\ASUS\Desktop\SAIS Playground\ROKxAI\korea-ai-industry-dashboard\data\raw\epoch_ai_models\2026-05-03\epoch_ai_models_notable.csv,csv,2161938,1777783811.606785,1011,Model|Organization|Publication date|Domain|Task|Parameters|Parameters notes|Training compute (FLOP)|Training compute notes|Training dataset|Training dataset size (total)|Dataset size notes|Confidence|Link|Reference|Citations|Authors|Abstract|Organization categorization|Country (of organization)|Notability criteria|Notability criteria notes|Epochs|Training time (hours)|Training time notes|Training hardware|Hardware quantity|Hardware utilization (MFU)|Training compute cost (2023 USD)|Compute cost notes|Training power draw (W)|Base model|Finetune compute (FLOP)|Finetune compute notes|Batch size|Batch size notes|Model accessibility|Training code accessibility|Inference code accessibility|Accessibility notes|Numerical format|Frontier model|Hardware acquisition cost|Hardware utilization (HFU)|Training compute cost (cloud)|Training compute cost (upfront)|Open model weights?,epoch_ai_models,
data\raw\epoch_ai_models\2026-05-03\epoch_ai_models_notable.metadata.json,C:\Users\ASUS\Desktop\SAIS Playground\ROKxAI\korea-ai-industry-dashboard\data\raw\epoch_ai_models\2026-05-03\epoch_ai_models_notable.metadata.json,json,380,1777783811.6087906,1,source_id|url|retrieved_at|status_code|file_path|content_type|notes,epoch_ai_models,
data\raw\epoch_gpu_clusters\2026-05-03\epoch_gpu_clusters_clusters.csv,C:\Users\ASUS\Desktop\SAIS Playground\ROKxAI\korea-ai-industry-dashboard\data\raw\epoch_gpu_clusters\2026-05-03\epoch_gpu_clusters_clusters.csv,csv,511662,1777783813.103527,786,Name|Status|Certainty|Single cluster?|Max OP/s (log)|H100 equivalents|Chip type (primary)|Chip quantity (primary)|Country|Owner|First Operational Date|Note|Sector|Power Capacity (MW)|Hardware Cost|Location|Users|Hardware note|Quote|First Operational Date Note|Certainty Note|Energy Efficiency (log)|Builds Upon|Superseded by|Possible Duplicate|Possible Duplicate Of|Chip type (secondary)|Chip quantity (secondary)|Total number of AI chips|GPU Supplier (primary)|GPU supplier (secondary)|Include in Standard Analysis|Exclude|Rank when first operational|16-bit OP/s (log)|Max OP/s|8-bit OP/s|16-bit OP/s|32-bit OP/s|Calculated Power Capacity (MW)|Reported Power Capacity (MW)|Energy Efficiency|Calculated Cost|Reported Cost|Reported Cost (Inflation adjusted)|Cost Quote|Noteworthy|Decommissioned Date (if applicable)|Largest existing cluster when first operational|% of largest cluster when first operational|Source 1|Source 2|Source 3|Source 4|Source 5|latitude|longitude,epoch_gpu_clusters,
data\raw\epoch_gpu_clusters\2026-05-03\epoch_gpu_clusters_clusters.metadata.json,C:\Users\ASUS\Desktop\SAIS Playground\ROKxAI\korea-ai-industry-dashboard\data\raw\epoch_gpu_clusters\2026-05-03\epoch_gpu_clusters_clusters.metadata.json,json,385,1777783813.1110773,1,source_id|url|retrieved_at|status_code|file_path|content_type|notes,epoch_gpu_clusters,
data\raw\ifr_robotics\2026-05-03\ifr_robotics.html,C:\Users\ASUS\Desktop\SAIS Playground\ROKxAI\korea-ai-industry-dashboard\data\raw\ifr_robotics\2026-05-03\ifr_robotics.html,html,39627,1777783804.8973923,,,ifr_robotics,
data\raw\ifr_robotics\2026-05-03\ifr_robotics.metadata.json,C:\Users\ASUS\Desktop\SAIS Playground\ROKxAI\korea-ai-industry-dashboard\data\raw\ifr_robotics\2026-05-03\ifr_robotics.metadata.json,json,431,1777783804.911544,1,source_id|url|retrieved_at|status_code|file_path|content_type|notes,ifr_robotics,
data\raw\kisti_hangang\2026-05-03\kisti_hangang.html,C:\Users\ASUS\Desktop\SAIS Playground\ROKxAI\korea-ai-industry-dashboard\data\raw\kisti_hangang\2026-05-03\kisti_hangang.html,html,46264,1777783803.8459947,,,kisti_hangang,
data\raw\kisti_hangang\2026-05-03\kisti_hangang.metadata.json,C:\Users\ASUS\Desktop\SAIS Playground\ROKxAI\korea-ai-industry-dashboard\data\raw\kisti_hangang\2026-05-03\kisti_hangang.metadata.json,json,390,1777783803.8459947,1,source_id|url|retrieved_at|status_code|file_path|content_type|notes,kisti_hangang,
data\raw\msit_2026_work_plan\2026-05-03\msit_2026_work_plan.metadata.json,C:\Users\ASUS\Desktop\SAIS Playground\ROKxAI\korea-ai-industry-dashboard\data\raw\msit_2026_work_plan\2026-05-03\msit_2026_work_plan.metadata.json,json,404,1777783799.4841716,1,source_id|url|retrieved_at|status_code|file_path|notes,msit_2026_work_plan,
data\raw\msit_gpu_procurement\2026-05-03\msit_gpu_procurement.html,C:\Users\ASUS\Desktop\SAIS Playground\ROKxAI\korea-ai-industry-dashboard\data\raw\msit_gpu_procurement\2026-05-03\msit_gpu_procurement.html,html,59379,1777783800.8282118,,,msit_gpu_procurement,
data\raw\msit_gpu_procurement\2026-05-03\msit_gpu_procurement.metadata.json,C:\Users\ASUS\Desktop\SAIS Playground\ROKxAI\korea-ai-industry-dashboard\data\raw\msit_gpu_procurement\2026-05-03\msit_gpu_procurement.metadata.json,json,483,1777783800.8282118,1,source_id|url|retrieved_at|status_code|file_path|content_type|notes,msit_gpu_procurement,
data\raw\mss_smart_manufacturing\2026-05-03\mss_smart_manufacturing.html,C:\Users\ASUS\Desktop\SAIS Playground\ROKxAI\korea-ai-industry-dashboard\data\raw\mss_smart_manufacturing\2026-05-03\mss_smart_manufacturing.html,html,44359,1777783809.4283545,,,mss_smart_manufacturing,
data\raw\mss_smart_manufacturing\2026-05-03\mss_smart_manufacturing.metadata.json,C:\Users\ASUS\Desktop\SAIS Playground\ROKxAI\korea-ai-industry-dashboard\data\raw\mss_smart_manufacturing\2026-05-03\mss_smart_manufacturing.metadata.json,json,438,1777783809.4283545,1,source_id|url|retrieved_at|status_code|file_path|content_type|notes,mss_smart_manufacturing,
data\raw\mss_venture\2026-05-03\mss_venture.metadata.json,C:\Users\ASUS\Desktop\SAIS Playground\ROKxAI\korea-ai-industry-dashboard\data\raw\mss_venture\2026-05-03\mss_venture.metadata.json,json,378,1777783807.8066022,1,source_id|url|retrieved_at|status_code|file_path|notes,mss_venture,
data\raw\nvidia_korea_ai_infrastructure\2026-05-03\nvidia_korea_ai_infrastructure.html,C:\Users\ASUS\Desktop\SAIS Playground\ROKxAI\korea-ai-industry-dashboard\data\raw\nvidia_korea_ai_infrastructure\2026-05-03\nvidia_korea_ai_infrastructure.html,html,108473,1777783810.2032576,,,nvidia_korea_ai_infrastructure,
data\raw\nvidia_korea_ai_infrastructure\2026-05-03\nvidia_korea_ai_infrastructure.metadata.json,C:\Users\ASUS\Desktop\SAIS Playground\ROKxAI\korea-ai-industry-dashboard\data\raw\nvidia_korea_ai_infrastructure\2026-05-03\nvidia_korea_ai_infrastructure.metadata.json,json,598,1777783810.2032576,1,source_id|url|retrieved_at|status_code|file_path|content_type|notes,nvidia_korea_ai_infrastructure,
data\raw\openalex\2026-05-03\openalex_CHN_2020.json,C:\Users\ASUS\Desktop\SAIS Playground\ROKxAI\korea-ai-industry-dashboard\data\raw\openalex\2026-05-03\openalex_CHN_2020.json,json,31069,1777783815.7406037,1,meta|results|group_by,openalex,
data\raw\openalex\2026-05-03\openalex_CHN_2020.metadata.json,C:\Users\ASUS\Desktop\SAIS Playground\ROKxAI\korea-ai-industry-dashboard\data\raw\openalex\2026-05-03\openalex_CHN_2020.metadata.json,json,502,1777783815.7406037,1,source_id|url|retrieved_at|status_code|file_path|content_type|notes,openalex,
data\raw\openalex\2026-05-03\openalex_CHN_2021.json,C:\Users\ASUS\Desktop\SAIS Playground\ROKxAI\korea-ai-industry-dashboard\data\raw\openalex\2026-05-03\openalex_CHN_2021.json,json,24677,1777783815.8728654,1,meta|results|group_by,openalex,
data\raw\openalex\2026-05-03\openalex_CHN_2021.metadata.json,C:\Users\ASUS\Desktop\SAIS Playground\ROKxAI\korea-ai-industry-dashboard\data\raw\openalex\2026-05-03\openalex_CHN_2021.metadata.json,json,502,1777783815.8833406,1,source_id|url|retrieved_at|status_code|file_path|content_type|notes,openalex,
data\raw\openalex\2026-05-03\openalex_CHN_2022.json,C:\Users\ASUS\Desktop\SAIS Playground\ROKxAI\korea-ai-industry-dashboard\data\raw\openalex\2026-05-03\openalex_CHN_2022.json,json,81758,1777783816.0598757,1,meta|results|group_by,openalex,
data\raw\openalex\2026-05-03\openalex_CHN_2022.metadata.json,C:\Users\ASUS\Desktop\SAIS Playground\ROKxAI\korea-ai-industry-dashboard\data\raw\openalex\2026-05-03\openalex_CHN_2022.metadata.json,json,502,1777783816.0598757,1,source_id|url|retrieved_at|status_code|file_path|content_type|notes,openalex,
data\raw\openalex\2026-05-03\openalex_CHN_2023.json,C:\Users\ASUS\Desktop\SAIS Playground\ROKxAI\korea-ai-industry-dashboard\data\raw\openalex\2026-05-03\openalex_CHN_2023.json,json,16047,1777783816.1739569,1,meta|results|group_by,openalex,
data\raw\openalex\2026-05-03\openalex_CHN_2023.metadata.json,C:\Users\ASUS\Desktop\SAIS Playground\ROKxAI\korea-ai-industry-dashboard\data\raw\openalex\2026-05-03\openalex_CHN_2023.metadata.json,json,502,1777783816.1757495,1,source_id|url|retrieved_at|status_code|file_path|content_type|notes,openalex,
data\raw\openalex\2026-05-03\openalex_CHN_2024.json,C:\Users\ASUS\Desktop\SAIS Playground\ROKxAI\korea-ai-industry-dashboard\data\raw\openalex\2026-05-03\openalex_CHN_2024.json,json,17816,1777783816.2911701,1,meta|results|group_by,openalex,
data\raw\openalex\2026-05-03\openalex_CHN_2024.metadata.json,C:\Users\ASUS\Desktop\SAIS Playground\ROKxAI\korea-ai-industry-dashboard\data\raw\openalex\2026-05-03\openalex_CHN_2024.metadata.json,json,502,1777783816.2974644,1,source_id|url|retrieved_at|status_code|file_path|content_type|notes,openalex,
data\raw\openalex\2026-05-03\openalex_CHN_2025.json,C:\Users\ASUS\Desktop\SAIS Playground\ROKxAI\korea-ai-industry-dashboard\data\raw\openalex\2026-05-03\openalex_CHN_2025.json,json,22438,1777783816.4020648,1,meta|results|group_by,openalex,
data\raw\openalex\2026-05-03\openalex_CHN_2025.metadata.json,C:\Users\ASUS\Desktop\SAIS Playground\ROKxAI\korea-ai-industry-dashboard\data\raw\openalex\2026-05-03\openalex_CHN_2025.metadata.json,json,502,1777783816.4020648,1,source_id|url|retrieved_at|status_code|file_path|content_type|notes,openalex,
data\raw\openalex\2026-05-03\openalex_CHN_2026.json,C:\Users\ASUS\Desktop\SAIS Playground\ROKxAI\korea-ai-industry-dashboard\data\raw\openalex\2026-05-03\openalex_CHN_2026.json,json,22603,1777783816.5935738,1,meta|results|group_by,openalex,
data\raw\openalex\2026-05-03\openalex_CHN_2026.metadata.json,C:\Users\ASUS\Desktop\SAIS Playground\ROKxAI\korea-ai-industry-dashboard\data\raw\openalex\2026-05-03\openalex_CHN_2026.metadata.json,json,502,1777783816.5935738,1,source_id|url|retrieved_at|status_code|file_path|content_type|notes,openalex,
data\raw\openalex\2026-05-03\openalex_KOR_2020.json,C:\Users\ASUS\Desktop\SAIS Playground\ROKxAI\korea-ai-industry-dashboard\data\raw\openalex\2026-05-03\openalex_KOR_2020.json,json,19307,1777783813.5233207,1,meta|results|group_by,openalex,
data\raw\openalex\2026-05-03\openalex_KOR_2020.metadata.json,C:\Users\ASUS\Desktop\SAIS Playground\ROKxAI\korea-ai-industry-dashboard\data\raw\openalex\2026-05-03\openalex_KOR_2020.metadata.json,json,502,1777783813.5253186,1,source_id|url|retrieved_at|status_code|file_path|content_type|notes,openalex,
data\raw\openalex\2026-05-03\openalex_KOR_2021.json,C:\Users\ASUS\Desktop\SAIS Playground\ROKxAI\korea-ai-industry-dashboard\data\raw\openalex\2026-05-03\openalex_KOR_2021.json,json,54508,1777783813.7104728,1,meta|results|group_by,openalex,
data\raw\openalex\2026-05-03\openalex_KOR_2021.metadata.json,C:\Users\ASUS\Desktop\SAIS Playground\ROKxAI\korea-ai-industry-dashboard\data\raw\openalex\2026-05-03\openalex_KOR_2021.metadata.json,json,502,1777783813.7187414,1,source_id|url|retrieved_at|status_code|file_path|content_type|notes,openalex,
data\raw\openalex\2026-05-03\openalex_KOR_2022.json,C:\Users\ASUS\Desktop\SAIS Playground\ROKxAI\korea-ai-industry-dashboard\data\raw\openalex\2026-05-03\openalex_KOR_2022.json,json,23721,1777783813.8696017,1,meta|results|group_by,openalex,
data\raw\openalex\2026-05-03\openalex_KOR_2022.metadata.json,C:\Users\ASUS\Desktop\SAIS Playground\ROKxAI\korea-ai-industry-dashboard\data\raw\openalex\2026-05-03\openalex_KOR_2022.metadata.json,json,502,1777783813.8696017,1,source_id|url|retrieved_at|status_code|file_path|content_type|notes,openalex,
data\raw\openalex\2026-05-03\openalex_KOR_2023.json,C:\Users\ASUS\Desktop\SAIS Playground\ROKxAI\korea-ai-industry-dashboard\data\raw\openalex\2026-05-03\openalex_KOR_2023.json,json,69725,1777783814.0592842,1,meta|results|group_by,openalex,
data\raw\openalex\2026-05-03\openalex_KOR_2023.metadata.json,C:\Users\ASUS\Desktop\SAIS Playground\ROKxAI\korea-ai-industry-dashboard\data\raw\openalex\2026-05-03\openalex_KOR_2023.metadata.json,json,502,1777783814.060352,1,source_id|url|retrieved_at|status_code|file_path|content_type|notes,openalex,
data\raw\openalex\2026-05-03\openalex_KOR_2024.json,C:\Users\ASUS\Desktop\SAIS Playground\ROKxAI\korea-ai-industry-dashboard\data\raw\openalex\2026-05-03\openalex_KOR_2024.json,json,34133,1777783814.2160597,1,meta|results|group_by,openalex,
data\raw\openalex\2026-05-03\openalex_KOR_2024.metadata.json,C:\Users\ASUS\Desktop\SAIS Playground\ROKxAI\korea-ai-industry-dashboard\data\raw\openalex\2026-05-03\openalex_KOR_2024.metadata.json,json,502,1777783814.2170558,1,source_id|url|retrieved_at|status_code|file_path|content_type|notes,openalex,
data\raw\openalex\2026-05-03\openalex_KOR_2025.json,C:\Users\ASUS\Desktop\SAIS Playground\ROKxAI\korea-ai-industry-dashboard\data\raw\openalex\2026-05-03\openalex_KOR_2025.json,json,110887,1777783814.4173486,1,meta|results|group_by,openalex,
data\raw\openalex\2026-05-03\openalex_KOR_2025.metadata.json,C:\Users\ASUS\Desktop\SAIS Playground\ROKxAI\korea-ai-industry-dashboard\data\raw\openalex\2026-05-03\openalex_KOR_2025.metadata.json,json,502,1777783814.433005,1,source_id|url|retrieved_at|status_code|file_path|content_type|notes,openalex,
data\raw\openalex\2026-05-03\openalex_KOR_2026.json,C:\Users\ASUS\Desktop\SAIS Playground\ROKxAI\korea-ai-industry-dashboard\data\raw\openalex\2026-05-03\openalex_KOR_2026.json,json,24468,1777783814.5627542,1,meta|results|group_by,openalex,
data\raw\openalex\2026-05-03\openalex_KOR_2026.metadata.json,C:\Users\ASUS\Desktop\SAIS Playground\ROKxAI\korea-ai-industry-dashboard\data\raw\openalex\2026-05-03\openalex_KOR_2026.metadata.json,json,502,1777783814.5671954,1,source_id|url|retrieved_at|status_code|file_path|content_type|notes,openalex,
data\raw\openalex\2026-05-03\openalex_USA_2020.json,C:\Users\ASUS\Desktop\SAIS Playground\ROKxAI\korea-ai-industry-dashboard\data\raw\openalex\2026-05-03\openalex_USA_2020.json,json,31069,1777783814.6727886,1,meta|results|group_by,openalex,
data\raw\openalex\2026-05-03\openalex_USA_2020.metadata.json,C:\Users\ASUS\Desktop\SAIS Playground\ROKxAI\korea-ai-industry-dashboard\data\raw\openalex\2026-05-03\openalex_USA_2020.metadata.json,json,502,1777783814.6727886,1,source_id|url|retrieved_at|status_code|file_path|content_type|notes,openalex,
data\raw\openalex\2026-05-03\openalex_USA_2021.json,C:\Users\ASUS\Desktop\SAIS Playground\ROKxAI\korea-ai-industry-dashboard\data\raw\openalex\2026-05-03\openalex_USA_2021.json,json,20925,1777783814.830876,1,meta|results|group_by,openalex,
data\raw\openalex\2026-05-03\openalex_USA_2021.metadata.json,C:\Users\ASUS\Desktop\SAIS Playground\ROKxAI\korea-ai-industry-dashboard\data\raw\openalex\2026-05-03\openalex_USA_2021.metadata.json,json,502,1777783814.830876,1,source_id|url|retrieved_at|status_code|file_path|content_type|notes,openalex,
data\raw\openalex\2026-05-03\openalex_USA_2022.json,C:\Users\ASUS\Desktop\SAIS Playground\ROKxAI\korea-ai-industry-dashboard\data\raw\openalex\2026-05-03\openalex_USA_2022.json,json,21767,1777783814.9658294,1,meta|results|group_by,openalex,
data\raw\openalex\2026-05-03\openalex_USA_2022.metadata.json,C:\Users\ASUS\Desktop\SAIS Playground\ROKxAI\korea-ai-industry-dashboard\data\raw\openalex\2026-05-03\openalex_USA_2022.metadata.json,json,502,1777783814.9678369,1,source_id|url|retrieved_at|status_code|file_path|content_type|notes,openalex,
data\raw\openalex\2026-05-03\openalex_USA_2023.json,C:\Users\ASUS\Desktop\SAIS Playground\ROKxAI\korea-ai-industry-dashboard\data\raw\openalex\2026-05-03\openalex_USA_2023.json,json,21592,1777783815.0715518,1,meta|results|group_by,openalex,
data\raw\openalex\2026-05-03\openalex_USA_2023.metadata.json,C:\Users\ASUS\Desktop\SAIS Playground\ROKxAI\korea-ai-industry-dashboard\data\raw\openalex\2026-05-03\openalex_USA_2023.metadata.json,json,502,1777783815.0715518,1,source_id|url|retrieved_at|status_code|file_path|content_type|notes,openalex,
data\raw\openalex\2026-05-03\openalex_USA_2024.json,C:\Users\ASUS\Desktop\SAIS Playground\ROKxAI\korea-ai-industry-dashboard\data\raw\openalex\2026-05-03\openalex_USA_2024.json,json,22635,1777783815.2913084,1,meta|results|group_by,openalex,
data\raw\openalex\2026-05-03\openalex_USA_2024.metadata.json,C:\Users\ASUS\Desktop\SAIS Playground\ROKxAI\korea-ai-industry-dashboard\data\raw\openalex\2026-05-03\openalex_USA_2024.metadata.json,json,502,1777783815.2913084,1,source_id|url|retrieved_at|status_code|file_path|content_type|notes,openalex,
data\raw\openalex\2026-05-03\openalex_USA_2025.json,C:\Users\ASUS\Desktop\SAIS Playground\ROKxAI\korea-ai-industry-dashboard\data\raw\openalex\2026-05-03\openalex_USA_2025.json,json,22438,1777783815.5290146,1,meta|results|group_by,openalex,
data\raw\openalex\2026-05-03\openalex_USA_2025.metadata.json,C:\Users\ASUS\Desktop\SAIS Playground\ROKxAI\korea-ai-industry-dashboard\data\raw\openalex\2026-05-03\openalex_USA_2025.metadata.json,json,502,1777783815.5290146,1,source_id|url|retrieved_at|status_code|file_path|content_type|notes,openalex,
data\raw\openalex\2026-05-03\openalex_USA_2026.json,C:\Users\ASUS\Desktop\SAIS Playground\ROKxAI\korea-ai-industry-dashboard\data\raw\openalex\2026-05-03\openalex_USA_2026.json,json,24469,1777783815.6373703,1,meta|results|group_by,openalex,
data\raw\openalex\2026-05-03\openalex_USA_2026.metadata.json,C:\Users\ASUS\Desktop\SAIS Playground\ROKxAI\korea-ai-industry-dashboard\data\raw\openalex\2026-05-03\openalex_USA_2026.metadata.json,json,502,1777783815.6383593,1,source_id|url|retrieved_at|status_code|file_path|content_type|notes,openalex,
data\raw\pew_ai_views\2026-05-03\pew_ai_views.html,C:\Users\ASUS\Desktop\SAIS Playground\ROKxAI\korea-ai-industry-dashboard\data\raw\pew_ai_views\2026-05-03\pew_ai_views.html,html,500878,1777783810.536288,,,pew_ai_views,
data\raw\pew_ai_views\2026-05-03\pew_ai_views.metadata.json,C:\Users\ASUS\Desktop\SAIS Playground\ROKxAI\korea-ai-industry-dashboard\data\raw\pew_ai_views\2026-05-03\pew_ai_views.metadata.json,json,419,1777783810.536288,1,source_id|url|retrieved_at|status_code|file_path|content_type|notes,pew_ai_views,
data\raw\stanford_ai_index\2026-05-03\fig_1.7.4.csv,C:\Users\ASUS\Desktop\SAIS Playground\ROKxAI\korea-ai-industry-dashboard\data\raw\stanford_ai_index\2026-05-03\fig_1.7.4.csv,csv,477,1777781205.3349063,15,"Granted AI patents (per 100,000 inhabitants)|Country",stanford_ai_index,
data\raw\stanford_ai_index\2026-05-03\fig_1.7.4.metadata.json,C:\Users\ASUS\Desktop\SAIS Playground\ROKxAI\korea-ai-industry-dashboard\data\raw\stanford_ai_index\2026-05-03\fig_1.7.4.metadata.json,json,560,1777783818.3415468,1,source_id|url|retrieved_at|status_code|file_path|notes,stanford_ai_index,
data\raw\stanford_ai_index\2026-05-03\fig_4.2.11.csv,C:\Users\ASUS\Desktop\SAIS Playground\ROKxAI\korea-ai-industry-dashboard\data\raw\stanford_ai_index\2026-05-03\fig_4.2.11.csv,csv,1165,1777781209.1712396,39,Year|Total investment (in billions of US dollars)|Label,stanford_ai_index,
data\raw\stanford_ai_index\2026-05-03\fig_4.2.11.metadata.json,C:\Users\ASUS\Desktop\SAIS Playground\ROKxAI\korea-ai-industry-dashboard\data\raw\stanford_ai_index\2026-05-03\fig_4.2.11.metadata.json,json,545,1777783818.3592622,1,source_id|url|retrieved_at|status_code|file_path|notes,stanford_ai_index,
data\raw\stanford_ai_index\2026-05-03\fig_4.2.14.csv,C:\Users\ASUS\Desktop\SAIS Playground\ROKxAI\korea-ai-industry-dashboard\data\raw\stanford_ai_index\2026-05-03\fig_4.2.14.csv,csv,726,1777781209.0932534,39,Year|Number of companies|Label,stanford_ai_index,
data\raw\stanford_ai_index\2026-05-03\fig_4.2.14.metadata.json,C:\Users\ASUS\Desktop\SAIS Playground\ROKxAI\korea-ai-industry-dashboard\data\raw\stanford_ai_index\2026-05-03\fig_4.2.14.metadata.json,json,545,1777783818.3676517,1,source_id|url|retrieved_at|status_code|file_path|notes,stanford_ai_index,
data\raw\top500\2026-05-03\top500_current_list.metadata.json,C:\Users\ASUS\Desktop\SAIS Playground\ROKxAI\korea-ai-industry-dashboard\data\raw\top500\2026-05-03\top500_current_list.metadata.json,json,399,1777783817.721718,1,source_id|url|retrieved_at|status_code|file_path|content_type|notes,top500,
data\raw\top500\2026-05-03\top500_current_list.xlsx,C:\Users\ASUS\Desktop\SAIS Playground\ROKxAI\korea-ai-industry-dashboard\data\raw\top500\2026-05-03\top500_current_list.xlsx,xlsx,131533,1777783817.721718,500,66: Rank|Previous Rank|First Appearance|First Rank|Name|Computer|Site|Manufacturer|Country|Year|Segment|Total Cores|Accelerator/Co-Processor Cores|Rmax [TFlop/s]|Rpeak [TFlop/s]|Nmax|Nhalf|HPCG [TFlop/s]|Power (kW)|Power Source|Energy Efficiency [GFlops/Watts]|Memory|Architecture|Processor|Processor Technology|Processor Speed (MHz)|Operating System|OS Family|Accelerator/Co-Processor|Cores per Socket|Processor Generation|System Model|System Family|Interconnect Family|Interconnect|Continent|Site ID|System ID,top500,
data\raw\top500\2026-05-03\top500_stats_page.html,C:\Users\ASUS\Desktop\SAIS Playground\ROKxAI\korea-ai-industry-dashboard\data\raw\top500\2026-05-03\top500_stats_page.html,html,57721,1777783817.2592492,,,top500,
data\raw\top500\2026-05-03\top500_stats_page.metadata.json,C:\Users\ASUS\Desktop\SAIS Playground\ROKxAI\korea-ai-industry-dashboard\data\raw\top500\2026-05-03\top500_stats_page.metadata.json,json,365,1777783817.2592492,1,source_id|url|retrieved_at|status_code|file_path|content_type|notes,top500,
data\raw\tradegov_unmanned_defense\2026-05-03\tradegov_unmanned_defense.html,C:\Users\ASUS\Desktop\SAIS Playground\ROKxAI\korea-ai-industry-dashboard\data\raw\tradegov_unmanned_defense\2026-05-03\tradegov_unmanned_defense.html,html,243416,1777783811.1676548,,,tradegov_unmanned_defense,
data\raw\tradegov_unmanned_defense\2026-05-03\tradegov_unmanned_defense.metadata.json,C:\Users\ASUS\Desktop\SAIS Playground\ROKxAI\korea-ai-industry-dashboard\data\raw\tradegov_unmanned_defense\2026-05-03\tradegov_unmanned_defense.metadata.json,json,454,1777783811.1696594,1,source_id|url|retrieved_at|status_code|file_path|content_type|notes,tradegov_unmanned_defense,
data\raw\un_comtrade\2026-05-03\un_comtrade_exports_china.json,C:\Users\ASUS\Desktop\SAIS Playground\ROKxAI\korea-ai-industry-dashboard\data\raw\un_comtrade\2026-05-03\un_comtrade_exports_china.json,json,152,1777783819.0846615,1,statusCode|message,un_comtrade,
data\raw\un_comtrade\2026-05-03\un_comtrade_exports_china.metadata.json,C:\Users\ASUS\Desktop\SAIS Playground\ROKxAI\korea-ai-industry-dashboard\data\raw\un_comtrade\2026-05-03\un_comtrade_exports_china.metadata.json,json,454,1777783819.0866692,1,source_id|url|retrieved_at|status_code|file_path|content_type|notes,un_comtrade,
data\raw\un_comtrade\2026-05-03\un_comtrade_exports_usa.json,C:\Users\ASUS\Desktop\SAIS Playground\ROKxAI\korea-ai-industry-dashboard\data\raw\un_comtrade\2026-05-03\un_comtrade_exports_usa.json,json,152,1777783819.1988583,1,statusCode|message,un_comtrade,
data\raw\un_comtrade\2026-05-03\un_comtrade_exports_usa.metadata.json,C:\Users\ASUS\Desktop\SAIS Playground\ROKxAI\korea-ai-industry-dashboard\data\raw\un_comtrade\2026-05-03\un_comtrade_exports_usa.metadata.json,json,452,1777783819.199856,1,source_id|url|retrieved_at|status_code|file_path|content_type|notes,un_comtrade,
data\raw\un_comtrade\2026-05-03\un_comtrade_exports_world.json,C:\Users\ASUS\Desktop\SAIS Playground\ROKxAI\korea-ai-industry-dashboard\data\raw\un_comtrade\2026-05-03\un_comtrade_exports_world.json,json,152,1777783818.8656404,1,statusCode|message,un_comtrade,
data\raw\un_comtrade\2026-05-03\un_comtrade_exports_world.metadata.json,C:\Users\ASUS\Desktop\SAIS Playground\ROKxAI\korea-ai-industry-dashboard\data\raw\un_comtrade\2026-05-03\un_comtrade_exports_world.metadata.json,json,452,1777783818.8676538,1,source_id|url|retrieved_at|status_code|file_path|content_type|notes,un_comtrade,
data\raw\un_comtrade\2026-05-03\un_comtrade_imports_world.json,C:\Users\ASUS\Desktop\SAIS Playground\ROKxAI\korea-ai-industry-dashboard\data\raw\un_comtrade\2026-05-03\un_comtrade_imports_world.json,json,152,1777783818.9584157,1,statusCode|message,un_comtrade,
data\raw\un_comtrade\2026-05-03\un_comtrade_imports_world.metadata.json,C:\Users\ASUS\Desktop\SAIS Playground\ROKxAI\korea-ai-industry-dashboard\data\raw\un_comtrade\2026-05-03\un_comtrade_imports_world.metadata.json,json,452,1777783818.9735465,1,source_id|url|retrieved_at|status_code|file_path|content_type|notes,un_comtrade,
data\reports\collected_observations.csv,C:\Users\ASUS\Desktop\SAIS Playground\ROKxAI\korea-ai-industry-dashboard\data\reports\collected_observations.csv,csv,82877,1777783819.4311426,242,observation_id|indicator_id|category|country_iso3|country_name|year|time_period|value|unit|source_id|source_url|retrieved_at|source_publication_date|indicator_type|confidence_tier|uncertainty_note|notes,reports,
data\reports\collection_status.csv,C:\Users\ASUS\Desktop\SAIS Playground\ROKxAI\korea-ai-industry-dashboard\data\reports\collection_status.csv,csv,27719,1777783819.4224253,64,indicator_id|source_id|attempted|success|latest_year_collected|countries_collected|raw_file_path|silver_file_path|error_or_limitation|needs_manual_review,reports,
data\reports\data_coverage.csv,C:\Users\ASUS\Desktop\SAIS Playground\ROKxAI\korea-ai-industry-dashboard\data\reports\data_coverage.csv,csv,5049,1777783842.4036927,64,indicator_id|has_kor|has_usa|has_chn|comparison_status|latest_year|confidence_tier|needs_manual_review,reports,
data\reports\manual_review_queue.csv,C:\Users\ASUS\Desktop\SAIS Playground\ROKxAI\korea-ai-industry-dashboard\data\reports\manual_review_queue.csv,csv,7354,1777783819.4206755,37,item_id|indicator_id|source_id|source_url|claim_or_value_to_check|issue_type|reason_for_review|status|reviewer_note,reports,
data\silver\manual_review_queue.csv,C:\Users\ASUS\Desktop\SAIS Playground\ROKxAI\korea-ai-industry-dashboard\data\silver\manual_review_queue.csv,csv,7354,1777783819.4186623,37,item_id|indicator_id|source_id|source_url|claim_or_value_to_check|issue_type|reason_for_review|status|reviewer_note,silver,
data\silver\observations.csv,C:\Users\ASUS\Desktop\SAIS Playground\ROKxAI\korea-ai-industry-dashboard\data\silver\observations.csv,csv,82877,1777783819.4166543,242,observation_id|indicator_id|category|country_iso3|country_name|year|time_period|value|unit|source_id|source_url|retrieved_at|source_publication_date|indicator_type|confidence_tier|uncertainty_note|notes,silver,
docs\korea_ai_v01_indicator_plan.xlsx,C:\Users\ASUS\Desktop\SAIS Playground\ROKxAI\korea-ai-industry-dashboard\docs\korea_ai_v01_indicator_plan.xlsx,xlsx,38827,1777783842.6087682,208,README: Topic|Notes ; Indicator_Catalog: priority|category|indicator_id|indicator_name|definition|unit|country_coverage|comparison_group|indicator_type|primary_source_id|source_name|source_url|collection_method|freshness_target|confidence_tier|uncertainty_note|relevance_note|status ; Source_Registry: source_id|publisher|title|url|source_type|access_method|confidence_tier|update_cadence|modules|notes ; Collection_Status: indicator_id|source_id|attempted|success|latest_year_collected|countries_collected|raw_file_path|silver_file_path|error_or_limitation|needs_manual_review ; Manual_Review_Queue: item_id|indicator_id|source_id|source_url|claim_or_value_to_check|issue_type|reason_for_review|status|reviewer_note ; Dashboard_Pages: page_name|purpose|indicators_used|charts_planned|status,korea_ai_v01_indicator_plan,
sources\indicator_catalog.yaml,C:\Users\ASUS\Desktop\SAIS Playground\ROKxAI\korea-ai-industry-dashboard\sources\indicator_catalog.yaml,yaml,43382,1777782567.412033,,,indicator_catalog,
sources\source_registry.yaml,C:\Users\ASUS\Desktop\SAIS Playground\ROKxAI\korea-ai-industry-dashboard\sources\source_registry.yaml,yaml,11639,1777782421.015715,,,source_registry,
C:\Users\ASUS\Desktop\SAIS Playground\ROKxAI\south_korea_ai_index_dashboard_data.csv,C:\Users\ASUS\Desktop\SAIS Playground\ROKxAI\south_korea_ai_index_dashboard_data.csv,csv,342869,1777786457.5357132,598,dashboard_category|indicator|metric|geography|period|dimension_values|value_raw|value_readable|value_unit|rank_descending_within_source|source_country_count|source_chapter|source_figure|source_csv|source_chart_pdf|relevance_note|original_fields_json,south_korea_ai_index_dashboard_data,
